Date,Year,Month,Day,Daily Rainfall Total (mm),Highest 30 min Rainfall (mm),Highest 60 min Rainfall (mm),Highest 120 min Rainfall (mm),Mean Temperature (°C),Maximum Temperature (°C),Minimum Temperature (°C),Mean Wind Speed (km/h),Max Wind Speed (km/h)
2021-01-01,2021,1,1,58.8,13.4,20.0,25.6,23.9,26.2,21.8,5.047734138972809,27.406767676767675
2021-01-02,2021,1,2,106.6,11.0,20.0,26.8,22.8,24.4,21.4,5.047734138972809,27.406767676767675
2021-01-03,2021,1,3,2.2,0.6,0.8,1.0,23.8,25.1,22.9,5.047734138972809,27.406767676767675
2021-01-04,2021,1,4,0.2,0.2,0.2,0.2,25.1,28.0,22.6,5.047734138972809,27.406767676767675
2021-01-05,2021,1,5,0.0,0.0,0.0,0.0,26.9,32.0,23.4,5.047734138972809,27.406767676767675
2021-01-06,2021,1,6,0.4,0.4,0.4,0.4,26.9,30.5,24.8,5.047734138972809,27.406767676767675
2021-01-07,2021,1,7,4.4,4.2,4.2,4.2,24.5,25.8,23.4,5.047734138972809,27.406767676767675
2021-01-08,2021,1,8,2.6,2.4,2.4,2.4,25.4,27.5,23.9,5.047734138972809,27.406767676767675
2021-01-09,2021,1,9,20.0,8.0,10.2,11.4,25.1,27.3,24.0,5.047734138972809,27.406767676767675
2021-01-10,2021,1,10,86.2,7.8,12.2,18.2,23.5,24.1,23.3,5.047734138972809,27.406767676767675
2021-01-11,2021,1,11,3.0,1.4,1.4,2.2,25.2,28.8,23.7,5.047734138972809,27.406767676767675
2021-01-12,2021,1,12,17.6,9.6,11.0,11.0,24.8,27.8,23.4,5.047734138972809,27.406767676767675
2021-01-13,2021,1,13,2.2,1.4,1.4,1.8,24.9,27.4,23.2,5.047734138972809,27.406767676767675
2021-01-14,2021,1,14,0.0,0.0,0.0,0.0,25.8,28.9,23.5,5.047734138972809,27.406767676767675
2021-01-15,2021,1,15,0.0,0.0,0.0,0.0,26.6,30.9,23.8,5.047734138972809,27.406767676767675
2021-01-16,2021,1,16,0.0,0.0,0.0,0.0,26.7,30.9,24.4,5.047734138972809,27.406767676767675
2021-01-17,2021,1,17,0.0,0.0,0.0,0.0,26.9,30.8,24.6,5.047734138972809,27.406767676767675
2021-01-18,2021,1,18,0.0,0.0,0.0,0.0,26.0,28.8,24.5,5.047734138972809,27.406767676767675
2021-01-19,2021,1,19,0.0,0.0,0.0,0.0,26.1,29.6,23.8,5.047734138972809,27.406767676767675
2021-01-20,2021,1,20,0.0,0.0,0.0,0.0,26.3,30.7,23.7,5.047734138972809,27.406767676767675
2021-01-21,2021,1,21,29.4,16.0,25.2,28.8,25.7,30.9,23.9,5.047734138972809,27.406767676767675
2021-01-22,2021,1,22,13.2,10.4,13.2,13.2,25.5,31.5,23.7,5.047734138972809,27.406767676767675
2021-01-23,2021,1,23,36.6,31.8,35.2,36.4,25.4,31.0,22.6,5.047734138972809,27.406767676767675
2021-01-24,2021,1,24,5.2,5.2,5.2,5.2,26.1,32.0,23.0,5.047734138972809,27.406767676767675
2021-01-25,2021,1,25,0.8,0.8,0.8,0.8,26.9,32.2,24.3,5.047734138972809,27.406767676767675
2021-01-26,2021,1,26,0.0,0.0,0.0,0.0,26.9,32.8,24.2,5.047734138972809,27.406767676767675
2021-01-27,2021,1,27,0.2,0.2,0.2,0.2,26.5,30.7,24.0,5.047734138972809,27.406767676767675
2021-01-28,2021,1,28,4.6,3.8,4.2,4.6,25.8,29.0,23.8,5.047734138972809,27.406767676767675
2021-01-29,2021,1,29,0.0,0.0,0.0,0.0,26.7,30.8,24.1,5.047734138972809,27.406767676767675
2021-01-30,2021,1,30,0.0,0.0,0.0,0.0,26.7,31.1,24.1,5.047734138972809,27.406767676767675
2021-01-31,2021,1,31,0.0,0.0,0.0,0.0,26.6,30.2,24.1,5.047734138972809,27.406767676767675
2021-02-01,2021,2,1,0.0,0.0,0.0,0.0,26.7,30.3,24.6,5.047734138972809,27.406767676767675
2021-02-02,2021,2,2,0.0,0.0,0.0,0.0,26.9,31.1,25.0,5.047734138972809,27.406767676767675
2021-02-03,2021,2,3,0.0,0.0,0.0,0.0,26.9,31.1,24.8,5.047734138972809,27.406767676767675
2021-02-04,2021,2,4,0.0,0.0,0.0,0.0,26.5,31.5,24.0,5.047734138972809,27.406767676767675
2021-02-05,2021,2,5,0.0,0.0,0.0,0.0,26.8,32.0,23.9,5.047734138972809,27.406767676767675
2021-02-06,2021,2,6,0.0,0.0,0.0,0.0,27.3,31.7,24.8,5.047734138972809,27.406767676767675
2021-02-07,2021,2,7,0.0,0.0,0.0,0.0,27.6,33.3,24.2,5.047734138972809,27.406767676767675
2021-02-08,2021,2,8,0.0,0.0,0.0,0.0,27.2,32.1,25.0,5.047734138972809,27.406767676767675
2021-02-09,2021,2,9,0.0,0.0,0.0,0.0,27.3,32.8,24.5,5.047734138972809,27.406767676767675
2021-02-10,2021,2,10,4.4,2.2,3.4,4.4,26.7,31.8,24.6,5.047734138972809,27.406767676767675
2021-02-11,2021,2,11,5.2,4.2,5.0,5.2,27.0,32.1,24.5,5.047734138972809,27.406767676767675
2021-02-12,2021,2,12,2.4,1.4,2.0,2.0,26.8,31.1,24.7,5.047734138972809,27.406767676767675
2021-02-13,2021,2,13,5.4,5.0,5.2,5.4,26.6,31.7,24.5,5.047734138972809,27.406767676767675
2021-02-14,2021,2,14,0.6,0.6,0.6,0.6,26.6,31.3,24.5,5.047734138972809,27.406767676767675
2021-02-15,2021,2,15,0.0,0.0,0.0,0.0,26.6,31.3,24.1,5.047734138972809,27.406767676767675
2021-02-16,2021,2,16,0.0,0.0,0.0,0.0,26.4,31.3,23.7,5.047734138972809,27.406767676767675
2021-02-17,2021,2,17,0.0,0.0,0.0,0.0,26.5,31.4,23.7,5.047734138972809,27.406767676767675
2021-02-18,2021,2,18,0.0,0.0,0.0,0.0,26.4,31.7,23.2,5.047734138972809,27.406767676767675
2021-02-19,2021,2,19,0.0,0.0,0.0,0.0,26.5,30.2,24.1,5.047734138972809,27.406767676767675
2021-02-20,2021,2,20,0.0,0.0,0.0,0.0,26.5,30.3,24.2,5.047734138972809,27.406767676767675
2021-02-21,2021,2,21,0.0,0.0,0.0,0.0,26.5,30.7,24.2,5.047734138972809,27.406767676767675
2021-02-22,2021,2,22,0.0,0.0,0.0,0.0,26.8,31.9,24.1,5.047734138972809,27.406767676767675
2021-02-23,2021,2,23,0.0,0.0,0.0,0.0,26.9,33.6,23.7,5.047734138972809,27.406767676767675
2021-02-24,2021,2,24,1.4,0.8,0.8,0.8,26.2,31.0,23.7,5.047734138972809,27.406767676767675
2021-02-25,2021,2,25,5.0,4.2,5.0,5.0,27.3,34.2,23.9,5.047734138972809,27.406767676767675
2021-02-26,2021,2,26,0.0,0.0,0.0,0.0,28.1,33.4,24.1,5.047734138972809,27.406767676767675
2021-02-27,2021,2,27,0.0,0.0,0.0,0.0,28.7,34.1,25.2,5.047734138972809,27.406767676767675
2021-02-28,2021,2,28,0.0,0.0,0.0,0.0,28.2,33.6,25.2,5.047734138972809,27.406767676767675
2021-03-01,2021,3,1,0.0,0.0,0.0,0.0,27.9,33.6,25.0,5.047734138972809,27.406767676767675
2021-03-02,2021,3,2,0.0,0.0,0.0,0.0,27.9,34.0,24.9,7.8,36.3
2021-03-03,2021,3,3,0.0,0.0,0.0,0.0,28.3,33.6,25.0,6.7,28.2
2021-03-04,2021,3,4,0.0,0.0,0.0,0.0,28.3,33.4,25.5,8.1,37.0
2021-03-05,2021,3,5,0.0,0.0,0.0,0.0,28.5,33.4,25.9,7.5,29.4
2021-03-06,2021,3,6,14.0,13.8,14.0,14.0,27.7,32.6,23.1,7.8,47.2
2021-03-07,2021,3,7,50.8,25.6,37.0,43.6,25.6,31.2,23.1,4.8,36.3
2021-03-08,2021,3,8,0.0,0.0,0.0,0.0,27.0,33.7,23.4,4.5,26.7
2021-03-09,2021,3,9,0.0,0.0,0.0,0.0,27.5,32.9,24.4,8.2,32.4
2021-03-10,2021,3,10,0.0,0.0,0.0,0.0,27.7,33.5,24.2,7.7,35.9
2021-03-11,2021,3,11,0.0,0.0,0.0,0.0,27.9,32.2,24.9,7.5,31.3
2021-03-12,2021,3,12,10.2,9.8,10.0,10.2,26.2,30.5,22.8,4.5,27.8
2021-03-13,2021,3,13,17.4,15.4,17.2,17.4,26.3,33.0,24.1,4.6,23.3
2021-03-14,2021,3,14,0.4,0.4,0.4,0.4,27.2,32.6,24.6,5.3,25.6
2021-03-15,2021,3,15,0.6,0.4,0.4,0.6,27.4,32.5,25.5,6.2,30.9
2021-03-16,2021,3,16,0.8,0.8,0.8,0.8,27.6,31.9,24.9,5.5,23.0
2021-03-17,2021,3,17,6.0,5.2,5.2,5.2,26.6,32.9,24.2,4.2,23.0
2021-03-18,2021,3,18,23.8,12.2,20.8,23.8,26.5,33.0,22.7,4.7,25.9
2021-03-19,2021,3,19,0.0,0.0,0.0,0.0,28.0,33.4,25.2,4.7,19.1
2021-03-20,2021,3,20,2.4,2.2,2.4,2.4,27.7,33.6,25.1,4.6,29.4
2021-03-21,2021,3,21,36.8,18.8,21.0,36.8,27.1,34.5,23.4,4.7,22.6
2021-03-22,2021,3,22,0.0,0.0,0.0,0.0,28.0,33.1,25.2,6.6,36.3
2021-03-23,2021,3,23,43.0,21.0,29.8,40.2,26.6,32.3,23.7,4.9,25.2
2021-03-24,2021,3,24,50.0,28.0,35.4,35.8,25.6,31.7,23.7,3.5,40.4
2021-03-25,2021,3,25,0.0,0.0,0.0,0.0,26.1,28.6,24.3,4.4,25.2
2021-03-26,2021,3,26,0.0,0.0,0.0,0.0,28.1,33.0,25.1,4.8,21.7
2021-03-27,2021,3,27,12.0,8.4,8.4,8.8,26.5,31.0,23.3,4.6,45.7
2021-03-28,2021,3,28,0.0,0.0,0.0,0.0,28.0,33.4,24.5,3.3,16.9
2021-03-29,2021,3,29,16.6,6.8,9.0,11.0,26.2,32.5,23.3,3.6,24.4
2021-03-30,2021,3,30,0.0,0.0,0.0,0.0,28.1,33.2,24.7,4.1,21.3
2021-03-31,2021,3,31,47.2,29.0,38.2,46.2,28.4,33.0,23.0,5.6,28.5
2021-04-01,2021,4,1,0.0,0.0,0.0,0.0,30.1,33.4,27.4,6.8,29.1
2021-04-02,2021,4,2,29.4,12.2,14.4,25.8,28.6,35.9,23.7,5.2,38.9
2021-04-03,2021,4,3,1.2,0.6,0.6,0.6,27.7,33.6,25.2,4.1,23.0
2021-04-04,2021,4,4,13.8,6.4,8.0,11.0,27.7,32.5,23.5,4.1,20.6
2021-04-05,2021,4,5,46.8,34.4,43.6,46.0,26.9,32.9,23.8,3.4,24.1
2021-04-06,2021,4,6,17.4,16.4,17.2,17.4,27.3,32.6,24.2,3.9,22.6
2021-04-07,2021,4,7,1.8,1.0,1.0,1.0,28.2,33.4,24.2,4.9,26.7
2021-04-08,2021,4,8,0.0,0.0,0.0,0.0,28.0,33.0,24.9,4.2,28.5
2021-04-09,2021,4,9,14.0,14.0,14.0,14.0,27.5,33.1,23.7,4.1,25.9
2021-04-10,2021,4,10,0.0,0.0,0.0,0.0,28.8,34.6,25.5,4.4,21.7
2021-04-11,2021,4,11,0.0,0.0,0.0,0.0,29.1,33.8,26.2,4.9,23.7
2021-04-12,2021,4,12,5.4,4.6,5.4,5.4,28.6,34.1,23.2,4.0,24.8
2021-04-13,2021,4,13,10.2,10.0,10.0,10.0,28.1,34.6,23.6,3.5,25.9
2021-04-14,2021,4,14,0.0,0.0,0.0,0.0,28.4,32.9,24.5,4.7,21.7
2021-04-15,2021,4,15,8.579601518026568,4.8065464895635674,6.039753320683112,6.994592030360532,27.609428571428573,31.74028571428572,24.87457142857143,5.047734138972809,27.406767676767675
2021-04-16,2021,4,16,8.579601518026568,4.8065464895635674,6.039753320683112,6.994592030360532,27.609428571428573,31.74028571428572,24.87457142857143,5.047734138972809,27.406767676767675
2021-04-17,2021,4,17,8.579601518026568,4.8065464895635674,6.039753320683112,6.994592030360532,27.609428571428573,31.74028571428572,24.87457142857143,5.047734138972809,27.406767676767675
2021-04-18,2021,4,18,8.579601518026568,4.8065464895635674,6.039753320683112,6.994592030360532,27.609428571428573,31.74028571428572,24.87457142857143,5.047734138972809,27.406767676767675
2021-04-19,2021,4,19,8.579601518026568,4.8065464895635674,6.039753320683112,6.994592030360532,27.609428571428573,31.74028571428572,24.87457142857143,5.047734138972809,27.406767676767675
2021-04-20,2021,4,20,8.579601518026568,4.8065464895635674,6.039753320683112,6.994592030360532,27.609428571428573,31.74028571428572,24.87457142857143,5.047734138972809,27.406767676767675
2021-04-21,2021,4,21,8.579601518026568,4.8065464895635674,6.039753320683112,6.994592030360532,27.609428571428573,31.74028571428572,24.87457142857143,5.047734138972809,27.406767676767675
2021-04-22,2021,4,22,8.579601518026568,4.8065464895635674,6.039753320683112,6.994592030360532,27.609428571428573,31.74028571428572,24.87457142857143,5.047734138972809,27.406767676767675
2021-04-23,2021,4,23,8.579601518026568,4.8065464895635674,6.039753320683112,6.994592030360532,27.609428571428573,31.74028571428572,24.87457142857143,5.047734138972809,27.406767676767675
2021-04-24,2021,4,24,16.0,5.6,8.4,13.4,26.3,28.8,23.9,4.2,37.4
2021-04-25,2021,4,25,0.0,0.0,0.0,0.0,29.0,33.1,25.2,4.3,22.0
2021-04-26,2021,4,26,33.4,23.4,27.6,33.4,27.4,32.7,23.7,3.7,32.8
2021-04-27,2021,4,27,0.2,0.2,0.2,0.2,27.6,31.5,25.0,3.1,16.9
2021-04-28,2021,4,28,0.4,0.4,0.4,0.4,28.0,32.6,25.1,3.4,25.2
2021-04-29,2021,4,29,2.4,2.2,2.2,2.2,28.5,34.6,26.1,3.6,24.8
2021-04-30,2021,4,30,0.4,0.2,0.2,0.2,27.8,31.9,25.8,3.4,24.1
2021-05-01,2021,5,1,12.8,11.6,11.6,12.4,27.6,32.9,25.1,3.3,25.2
2021-05-02,2021,5,2,0.0,0.0,0.0,0.4,29.0,33.5,25.4,4.8,20.6
2021-05-03,2021,5,3,0.0,0.0,0.0,0.0,29.2,33.4,26.5,3.9,22.0
2021-05-04,2021,5,4,28.4,25.0,26.8,28.4,28.1,33.5,24.8,3.7,26.3
2021-05-05,2021,5,5,18.4,14.6,15.0,16.8,26.7,33.1,23.9,3.3,32.4
2021-05-06,2021,5,6,2.6,1.2,1.8,2.4,27.0,30.1,25.2,2.9,18.3
2021-05-07,2021,5,7,2.8,2.8,2.8,2.8,27.9,31.8,25.6,3.8,22.6
2021-05-08,2021,5,8,0.2,0.2,0.2,0.2,27.9,32.2,26.0,2.9,25.9
2021-05-09,2021,5,9,0.2,0.2,0.2,0.2,27.9,34.3,26.2,3.7,27.0
2021-05-10,2021,5,10,0.0,0.0,0.0,0.0,29.4,33.8,26.2,4.5,23.3
2021-05-11,2021,5,11,0.0,0.0,0.0,0.0,29.6,33.8,27.4,5.4,34.6
2021-05-12,2021,5,12,5.8,4.6,5.4,5.4,27.8,31.0,25.2,3.4,18.7
2021-05-13,2021,5,13,0.0,0.0,0.0,0.0,28.8,32.7,25.7,4.3,24.4
2021-05-14,2021,5,14,9.8,6.8,8.4,9.2,28.1,30.6,25.2,3.6,20.2
2021-05-15,2021,5,15,0.2,0.2,0.2,0.2,27.8,31.7,25.1,4.4,30.6
2021-05-16,2021,5,16,0.0,0.0,0.0,0.0,29.2,34.2,26.1,4.2,21.7
2021-05-17,2021,5,17,65.8,27.0,36.6,43.2,27.7,30.7,23.9,3.4,23.3
2021-05-18,2021,5,18,50.6,18.0,23.0,33.4,26.1,29.8,23.0,4.9,27.0
2021-05-19,2021,5,19,0.0,0.0,0.0,0.0,27.7,30.0,25.6,2.8,13.3
2021-05-20,2021,5,20,0.0,0.0,0.0,0.0,28.8,33.0,25.7,4.4,25.6
2021-05-21,2021,5,21,50.4,38.4,45.2,49.6,27.3,31.2,23.4,4.6,27.8
2021-05-22,2021,5,22,0.0,0.0,0.0,0.0,27.1,29.5,25.5,5.0,25.6
2021-05-23,2021,5,23,0.0,0.0,0.0,0.0,29.3,33.0,26.6,5.6,21.7
2021-05-24,2021,5,24,0.0,0.0,0.0,0.0,29.7,32.8,27.2,6.7,25.2
2021-05-25,2021,5,25,0.0,0.0,0.0,0.0,29.8,32.8,27.9,6.8,32.0
2021-05-26,2021,5,26,0.0,0.0,0.0,0.0,29.6,33.4,27.8,4.1,27.4
2021-05-27,2021,5,27,15.2,6.6,11.6,12.8,28.2,31.1,26.0,2.9,23.7
2021-05-28,2021,5,28,0.2,0.2,0.2,0.2,28.7,34.3,25.4,3.7,26.3
2021-05-29,2021,5,29,0.2,0.2,0.2,0.2,28.0,31.0,26.1,4.7,20.6
2021-05-30,2021,5,30,0.0,0.0,0.0,0.0,29.0,32.7,26.6,4.2,24.1
2021-05-31,2021,5,31,13.8,12.4,13.4,13.8,28.5,31.9,22.9,4.7,22.4
2021-06-01,2021,6,1,0.0,0.0,0.0,0.0,28.8,31.9,27.0,4.9,28.9
2021-06-02,2021,6,2,3.4,2.2,2.2,2.6,28.2,32.2,25.9,4.2,33.5
2021-06-03,2021,6,3,0.0,0.0,0.0,0.0,29.6,32.7,26.6,5.9,28.2
2021-06-04,2021,6,4,5.0,5.0,5.0,5.0,29.6,33.6,25.3,5.6,40.7
2021-06-05,2021,6,5,0.0,0.0,0.0,0.0,29.5,32.6,27.7,5.7,23.3
2021-06-06,2021,6,6,0.0,0.0,0.0,0.0,29.4,33.1,26.4,5.7,24.8
2021-06-07,2021,6,7,0.0,0.0,0.0,0.0,29.2,31.6,27.0,7.5,29.8
2021-06-08,2021,6,8,0.0,0.0,0.0,0.0,29.0,32.1,26.2,5.5,29.8
2021-06-09,2021,6,9,0.0,0.0,0.0,0.0,28.9,32.0,27.5,5.4,27.0
2021-06-10,2021,6,10,9.6,9.4,9.6,9.6,28.0,33.3,24.6,4.3,25.9
2021-06-11,2021,6,11,0.0,0.0,0.0,0.0,28.1,31.5,25.2,5.5,28.5
2021-06-12,2021,6,12,0.0,0.0,0.0,0.0,29.4,33.0,28.0,6.0,25.6
2021-06-13,2021,6,13,14.0,10.2,12.6,14.0,28.1,31.1,22.1,6.6,28.2
2021-06-14,2021,6,14,0.0,0.0,0.0,0.0,28.2,33.0,26.1,3.4,24.4
2021-06-15,2021,6,15,14.8,8.8,12.8,14.0,26.9,32.0,23.8,4.1,33.5
2021-06-16,2021,6,16,0.0,0.0,0.0,0.0,27.7,31.7,24.8,3.6,24.1
2021-06-17,2021,6,17,0.0,0.0,0.0,0.0,28.7,32.6,26.0,5.2,26.3
2021-06-18,2021,6,18,33.8,17.0,22.6,27.0,26.1,28.3,23.6,3.5,28.9
2021-06-19,2021,6,19,6.6,6.4,6.6,6.6,27.7,32.2,24.7,3.3,19.8
2021-06-20,2021,6,20,31.4,20.6,23.6,27.2,26.7,32.2,22.3,4.5,29.8
2021-06-21,2021,6,21,0.0,0.2,0.2,0.6,28.3,32.4,23.7,4.4,20.9
2021-06-22,2021,6,22,0.8,0.6,0.8,0.8,28.3,32.1,24.0,4.6,20.6
2021-06-23,2021,6,23,0.4,0.4,0.4,0.4,28.7,33.0,24.4,5.0,28.2
2021-06-24,2021,6,24,1.8,1.2,1.4,1.6,28.4,33.3,25.9,4.0,23.7
2021-06-25,2021,6,25,0.4,0.2,0.2,0.2,27.8,32.2,25.5,4.0,22.4
2021-06-26,2021,6,26,19.6,14.8,18.0,19.6,27.5,31.9,24.4,3.4,19.4
2021-06-27,2021,6,27,6.4,6.0,6.0,6.0,27.1,28.4,25.1,4.9,24.8
2021-06-28,2021,6,28,0.0,0.0,0.0,0.0,28.6,32.7,25.6,5.2,22.6
2021-06-29,2021,6,29,76.8,29.6,39.4,42.0,27.0,31.3,22.7,3.7,32.0
2021-06-30,2021,6,30,0.0,0.0,1.0,25.0,27.7,32.3,23.7,6.0,20.6
2021-07-01,2021,7,1,2.0,2.0,2.0,2.0,28.8,31.8,27.0,8.2,33.5
2021-07-02,2021,7,2,0.0,0.0,0.0,0.0,28.6,33.0,26.7,4.6,25.6
2021-07-03,2021,7,3,11.2,10.8,11.2,11.2,28.3,31.8,23.9,4.9,23.0
2021-07-04,2021,7,4,4.2,1.8,2.4,2.8,26.4,29.1,24.1,4.0,18.0
2021-07-05,2021,7,5,3.2,2.0,3.0,3.0,27.6,30.0,24.5,6.8,38.5
2021-07-06,2021,7,6,11.8,10.8,11.8,11.8,27.5,30.3,23.9,4.0,31.3
2021-07-07,2021,7,7,0.0,0.0,0.0,0.0,28.1,31.3,25.4,4.0,19.4
2021-07-08,2021,7,8,0.0,0.0,0.0,0.0,29.0,32.2,26.7,5.8,27.4
2021-07-09,2021,7,9,23.6,12.4,21.0,23.6,28.4,32.6,22.7,5.0,24.8
2021-07-10,2021,7,10,9.0,3.2,3.4,11.4,25.5,28.2,23.9,2.6,14.1
2021-07-11,2021,7,11,19.8,16.8,18.2,18.6,26.0,31.2,23.0,3.5,41.1
2021-07-12,2021,7,12,68.6,42.0,53.8,63.2,26.2,33.5,23.1,3.7,35.6
2021-07-13,2021,7,13,75.0,20.6,25.4,44.8,24.7,27.3,22.6,6.0,26.3
2021-07-14,2021,7,14,0.2,0.2,0.2,0.2,26.7,28.8,24.4,4.2,24.8
2021-07-15,2021,7,15,0.0,0.0,0.0,0.0,28.1,31.3,24.9,5.9,29.1
2021-07-16,2021,7,16,0.0,0.0,0.0,0.0,29.1,32.3,27.1,5.6,23.7
2021-07-17,2021,7,17,0.0,0.0,0.0,0.0,28.9,31.9,26.4,6.6,28.2
2021-07-18,2021,7,18,0.0,0.0,0.0,0.0,29.1,31.9,27.2,7.1,30.2
2021-07-19,2021,7,19,1.2,1.2,1.2,1.2,28.2,31.0,24.4,4.2,47.8
2021-07-20,2021,7,20,0.0,0.0,0.0,0.0,29.2,32.2,26.8,4.5,23.7
2021-07-21,2021,7,21,0.0,0.0,0.0,0.0,29.2,32.5,27.5,9.0,32.4
2021-07-22,2021,7,22,0.0,0.0,0.0,0.0,29.5,32.4,27.1,8.1,32.8
2021-07-23,2021,7,23,0.8,0.6,0.8,0.8,28.8,32.9,25.9,5.3,35.9
2021-07-24,2021,7,24,0.0,0.0,0.0,0.6,28.8,32.3,26.3,8.0,27.8
2021-07-25,2021,7,25,0.0,0.0,0.0,0.0,29.4,32.8,27.2,8.8,32.8
2021-07-26,2021,7,26,0.0,0.0,0.0,0.0,29.3,31.9,27.6,8.6,27.8
2021-07-27,2021,7,27,0.0,0.0,0.0,0.0,29.1,31.9,27.6,7.9,30.6
2021-07-28,2021,7,28,0.0,0.0,0.0,0.0,29.2,32.7,27.8,8.9,28.9
2021-07-29,2021,7,29,0.0,0.0,0.0,0.0,29.3,32.2,28.0,9.6,30.6
2021-07-30,2021,7,30,0.0,0.0,0.0,0.0,29.6,33.0,27.7,7.9,28.5
2021-07-31,2021,7,31,38.8,23.2,33.0,38.2,27.7,30.4,22.9,5.5,29.4
2021-08-01,2021,8,1,59.2,31.0,48.8,58.8,27.4,31.2,22.7,4.0,34.6
2021-08-02,2021,8,2,0.0,0.0,0.0,0.0,28.3,32.4,26.1,5.2,27.4
2021-08-03,2021,8,3,4.8,4.4,4.6,4.6,28.2,32.6,22.7,5.9,35.6
2021-08-04,2021,8,4,2.0,1.2,1.6,1.8,27.0,28.4,23.3,6.4,42.8
2021-08-05,2021,8,5,0.0,0.0,0.0,0.0,28.7,31.6,26.9,8.1,29.8
2021-08-06,2021,8,6,0.0,0.0,0.0,0.0,28.7,31.6,27.1,7.8,35.0
2021-08-07,2021,8,7,0.8,0.4,0.8,0.8,28.3,32.3,26.3,4.7,25.6
2021-08-08,2021,8,8,5.4,4.4,5.4,5.4,27.0,32.0,24.1,4.4,28.2
2021-08-09,2021,8,9,0.0,0.0,0.0,0.0,28.3,33.0,24.2,5.0,22.0
2021-08-10,2021,8,10,0.0,0.0,0.0,0.0,29.0,31.9,27.3,6.7,29.1
2021-08-11,2021,8,11,7.6,6.0,6.0,6.2,28.1,30.9,24.5,5.9,40.4
2021-08-12,2021,8,12,2.2,1.0,1.2,1.2,28.0,30.4,25.3,6.2,33.9
2021-08-13,2021,8,13,0.8,0.8,0.8,0.8,27.3,32.0,25.4,5.4,39.3
2021-08-14,2021,8,14,39.0,35.2,36.2,37.6,27.1,32.2,23.8,3.2,33.5
2021-08-15,2021,8,15,29.6,23.2,26.4,28.2,27.2,31.4,23.8,4.8,40.7
2021-08-16,2021,8,16,1.0,0.6,1.2,2.2,27.5,31.7,24.3,3.8,22.0
2021-08-17,2021,8,17,7.2,3.2,3.2,3.2,26.3,29.8,24.2,3.5,20.6
2021-08-18,2021,8,18,3.6,1.4,1.8,3.2,25.6,27.9,24.4,3.8,20.9
2021-08-19,2021,8,19,36.2,7.8,10.8,17.0,26.4,30.9,22.2,6.0,25.2
2021-08-20,2021,8,20,20.0,10.2,11.0,11.6,25.4,27.2,23.0,3.2,29.4
2021-08-21,2021,8,21,0.4,0.4,0.4,0.4,27.1,29.4,25.0,5.3,20.9
2021-08-22,2021,8,22,2.4,1.0,1.2,1.6,26.2,31.0,23.6,4.3,31.3
2021-08-23,2021,8,23,0.2,0.2,0.2,0.2,26.9,30.8,24.3,5.1,25.2
2021-08-24,2021,8,24,132.2,50.0,75.6,88.2,25.0,27.3,22.6,3.7,30.9
2021-08-25,2021,8,25,4.2,2.0,2.2,4.0,25.7,27.5,23.8,6.4,30.6
2021-08-26,2021,8,26,0.8,0.4,0.6,0.6,26.8,30.7,24.7,3.5,32.0
2021-08-27,2021,8,27,0.0,0.0,0.0,0.0,27.5,30.8,24.9,7.5,37.4
2021-08-28,2021,8,28,0.0,0.0,0.0,0.0,28.3,31.6,26.4,6.6,24.8
2021-08-29,2021,8,29,5.0,1.6,2.4,3.6,26.4,30.0,24.4,5.2,25.9
2021-08-30,2021,8,30,56.8,24.0,29.6,33.4,25.4,27.7,22.1,4.6,31.7
2021-08-31,2021,8,31,33.4,14.0,23.4,30.6,26.9,31.7,23.0,3.9,21.7
2021-09-01,2021,9,1,4.2,4.0,4.2,4.2,27.6,33.0,24.9,7.0,29.1
2021-09-02,2021,9,2,32.2,12.8,17.4,21.2,25.4,27.7,22.9,6.1,32.0
2021-09-03,2021,9,3,0.0,0.0,0.0,0.0,27.9,31.6,25.1,3.9,22.0
2021-09-04,2021,9,4,15.0,13.2,14.6,15.0,27.6,32.5,22.4,4.9,38.5
2021-09-05,2021,9,5,0.0,0.0,0.0,0.0,28.2,31.8,25.2,4.8,30.2
2021-09-06,2021,9,6,46.0,40.0,45.4,46.0,27.4,32.9,22.3,4.0,32.4
2021-09-07,2021,9,7,0.0,0.0,0.0,0.0,27.7,32.0,25.5,4.9,27.0
2021-09-08,2021,9,8,4.4,2.0,2.2,3.4,27.5,30.9,23.8,8.2,36.7
2021-09-09,2021,9,9,0.0,0.0,0.0,0.0,28.7,31.7,26.2,6.5,20.9
2021-09-10,2021,9,10,34.8,23.4,31.8,34.8,26.8,29.4,22.3,6.0,27.8
2021-09-11,2021,9,11,0.0,0.0,0.0,0.0,28.3,32.1,25.8,6.8,32.0
2021-09-12,2021,9,12,0.0,0.0,0.0,0.0,28.6,31.6,27.0,5.0,28.9
2021-09-13,2021,9,13,2.8,1.6,2.4,2.4,26.7,28.1,25.3,4.0,25.2
2021-09-14,2021,9,14,0.0,0.0,0.0,0.0,28.0,30.7,26.5,4.0,15.6
2021-09-15,2021,9,15,0.0,0.0,0.0,0.0,28.4,32.1,26.1,6.1,28.2
2021-09-16,2021,9,16,0.0,0.0,0.0,0.0,28.6,32.4,26.6,5.2,40.4
2021-09-17,2021,9,17,0.0,0.0,0.0,0.0,29.0,34.1,26.2,4.7,30.6
2021-09-18,2021,9,18,0.0,0.0,0.0,0.0,28.5,33.2,26.4,5.6,33.5
2021-09-19,2021,9,19,59.4,24.0,40.4,43.8,26.1,27.9,23.9,3.8,27.4
2021-09-20,2021,9,20,0.0,0.0,0.0,0.0,28.0,31.1,24.7,6.5,26.7
2021-09-21,2021,9,21,3.4,3.2,3.4,3.4,28.3,32.1,25.5,5.5,22.0
2021-09-22,2021,9,22,7.6,6.4,7.2,7.4,28.0,31.6,23.5,5.4,23.7
2021-09-23,2021,9,23,10.2,8.0,9.6,9.6,27.6,31.0,23.6,6.3,28.5
2021-09-24,2021,9,24,0.0,0.0,0.0,0.0,28.5,32.7,26.9,5.2,27.0
2021-09-25,2021,9,25,0.0,0.0,0.0,0.0,28.6,32.2,26.3,4.4,23.7
2021-09-26,2021,9,26,4.8,4.6,4.6,4.6,28.1,32.2,25.1,4.6,25.9
2021-09-27,2021,9,27,12.4,4.0,4.0,5.4,26.5,32.3,24.5,3.8,23.7
2021-09-28,2021,9,28,2.2,1.6,1.8,2.0,26.9,32.5,24.7,3.1,15.6
2021-09-29,2021,9,29,0.0,0.0,0.0,0.0,28.0,31.9,25.0,3.5,20.6
2021-09-30,2021,9,30,28.2,14.4,16.8,19.4,26.2,28.2,24.6,6.4,31.3
2021-10-01,2021,10,1,29.2,11.0,16.2,20.0,26.5,30.2,22.9,7.2,56.1
2021-10-02,2021,10,2,1.4,1.2,1.2,1.4,26.1,28.9,23.3,3.5,23.0
2021-10-03,2021,10,3,0.0,0.0,0.0,0.0,28.2,33.1,24.9,3.4,20.9
2021-10-04,2021,10,4,0.0,0.0,0.0,0.0,28.9,32.6,25.9,4.1,19.8
2021-10-05,2021,10,5,7.4,4.8,4.8,4.8,27.4,28.9,22.4,4.2,44.3
2021-10-06,2021,10,6,0.0,0.0,0.0,0.0,29.3,33.1,26.4,6.3,27.4
2021-10-07,2021,10,7,0.0,0.0,0.0,0.0,29.1,32.4,26.6,6.4,25.6
2021-10-08,2021,10,8,0.0,0.0,0.0,0.0,29.5,33.4,27.2,7.0,21.7
2021-10-09,2021,10,9,0.0,0.0,0.0,0.0,29.4,33.1,27.5,7.5,27.0
2021-10-10,2021,10,10,23.8,23.4,23.6,23.6,27.9,31.2,23.9,4.3,32.0
2021-10-11,2021,10,11,0.0,0.0,0.0,0.0,29.2,33.0,25.9,6.7,28.2
2021-10-12,2021,10,12,0.0,0.0,0.0,0.0,29.7,32.8,28.0,6.1,27.0
2021-10-13,2021,10,13,7.0,7.0,7.0,7.0,29.3,32.6,25.8,6.3,25.6
2021-10-14,2021,10,14,0.0,0.0,0.0,0.0,29.3,31.7,27.9,9.1,31.7
2021-10-15,2021,10,15,0.0,0.0,0.0,0.0,29.4,32.7,24.6,7.1,31.7
2021-10-16,2021,10,16,0.0,0.0,0.0,0.0,29.3,32.4,27.9,6.2,27.8
2021-10-17,2021,10,17,22.2,20.6,21.2,21.2,27.3,32.6,23.5,2.8,25.9
2021-10-18,2021,10,18,4.0,3.8,4.0,4.0,27.3,31.6,24.9,2.9,25.2
2021-10-19,2021,10,19,0.2,0.2,0.2,0.2,28.4,32.5,25.8,4.6,27.4
2021-10-20,2021,10,20,18.6,11.4,11.6,12.8,26.2,30.6,24.1,4.1,42.4
2021-10-21,2021,10,21,0.0,0.0,0.0,0.0,27.0,32.2,24.5,4.3,22.6
2021-10-22,2021,10,22,0.6,0.6,0.6,0.6,27.6,32.2,25.4,4.3,26.7
2021-10-23,2021,10,23,4.4,4.0,4.2,4.2,27.3,32.8,25.2,3.0,22.0
2021-10-24,2021,10,24,0.0,0.0,0.0,0.0,27.6,33.4,25.3,4.0,24.4
2021-10-25,2021,10,25,0.0,0.0,0.0,0.0,28.0,32.6,25.2,3.9,26.3
2021-10-26,2021,10,26,0.0,0.0,0.0,0.0,28.6,33.8,25.5,4.0,24.4
2021-10-27,2021,10,27,2.4,2.0,2.4,2.4,28.8,33.7,24.6,4.7,24.4
2021-10-28,2021,10,28,5.8,5.0,5.8,5.8,27.4,28.9,23.8,4.2,37.4
2021-10-29,2021,10,29,0.0,0.0,0.0,0.0,28.6,32.7,26.2,4.6,28.2
2021-10-30,2021,10,30,7.8,7.6,7.8,7.8,28.6,33.0,25.3,4.0,24.8
2021-10-31,2021,10,31,11.6,5.0,5.0,5.0,26.9,32.5,24.2,3.7,28.5
2021-11-01,2021,11,1,20.4,17.0,19.6,19.8,26.1,30.9,23.4,3.2,30.6
2021-11-02,2021,11,2,27.8,15.4,22.6,25.8,25.7,32.5,23.2,4.5,30.2
2021-11-03,2021,11,3,26.6,23.6,25.8,25.8,26.3,31.0,23.8,3.7,19.4
2021-11-04,2021,11,4,2.2,1.0,1.2,1.4,26.9,33.0,24.5,4.1,22.6
2021-11-05,2021,11,5,7.6,5.4,5.6,6.2,26.5,32.1,24.3,3.3,22.0
2021-11-06,2021,11,6,0.8,0.8,0.8,0.8,27.9,32.9,24.2,3.3,16.9
2021-11-07,2021,11,7,15.4,8.0,11.8,14.6,27.3,31.2,25.2,3.5,22.4
2021-11-08,2021,11,8,0.6,0.4,0.4,0.6,27.2,30.4,25.4,3.1,16.1
2021-11-09,2021,11,9,38.4,31.2,36.2,36.8,26.6,33.3,22.9,4.0,45.4
2021-11-10,2021,11,10,14.0,4.0,7.0,10.4,25.7,28.9,23.7,5.1,28.5
2021-11-11,2021,11,11,0.6,0.4,0.4,0.4,27.5,31.9,24.2,6.0,24.8
2021-11-12,2021,11,12,3.4,3.0,3.0,3.2,27.5,31.9,22.9,5.6,30.2
2021-11-13,2021,11,13,11.4,8.8,9.8,10.4,26.4,27.9,23.0,5.5,33.2
2021-11-14,2021,11,14,0.0,0.0,0.0,0.0,28.8,34.5,25.9,4.1,16.5
2021-11-15,2021,11,15,1.0,0.8,0.8,0.8,27.5,31.5,26.2,4.0,23.7
2021-11-16,2021,11,16,0.6,0.6,0.6,0.6,28.3,33.7,25.4,3.7,22.0
2021-11-17,2021,11,17,5.0,3.6,4.8,5.0,28.0,33.1,25.0,4.0,20.9
2021-11-18,2021,11,18,43.4,28.2,37.4,40.2,26.7,30.7,22.6,3.6,32.4
2021-11-19,2021,11,19,0.0,0.0,0.0,0.0,28.2,32.4,25.1,3.7,20.6
2021-11-20,2021,11,20,13.0,10.6,11.8,12.2,26.8,29.3,22.7,3.3,27.8
2021-11-21,2021,11,21,0.4,0.2,0.4,0.4,27.7,33.1,25.5,3.8,25.6
2021-11-22,2021,11,22,7.2,6.4,7.2,7.2,28.1,33.1,24.1,4.2,20.9
2021-11-23,2021,11,23,10.4,6.0,9.2,9.8,26.5,30.1,24.2,3.1,16.1
2021-11-24,2021,11,24,7.2,2.0,3.6,5.2,25.3,26.4,24.0,2.4,15.6
2021-11-25,2021,11,25,0.4,0.4,0.4,0.4,27.7,34.2,24.1,3.7,16.5
2021-11-26,2021,11,26,0.0,0.0,0.0,0.0,28.1,32.8,25.0,5.8,24.1
2021-11-27,2021,11,27,1.2,0.6,0.8,1.0,27.9,33.1,24.9,4.6,40.0
2021-11-28,2021,11,28,0.0,0.0,0.0,0.0,28.2,31.2,25.7,4.0,21.3
2021-11-29,2021,11,29,0.0,0.0,0.0,0.0,29.1,32.9,25.3,6.4,26.3
2021-11-30,2021,11,30,0.0,0.0,0.0,0.0,29.8,34.0,25.7,4.7,25.6
2021-12-01,2021,12,1,0.0,0.0,0.0,0.0,29.6,34.0,26.7,5.6,25.6
2021-12-02,2021,12,2,3.6,1.6,1.6,2.0,26.1,28.5,23.2,4.8,30.2
2021-12-03,2021,12,3,0.0,0.0,0.0,0.0,27.1,31.4,24.4,5.4,25.9
2021-12-04,2021,12,4,0.0,0.0,0.0,0.0,27.3,30.9,25.2,7.3,31.7
2021-12-05,2021,12,5,0.0,0.0,0.0,0.0,27.2,31.0,25.5,6.1,34.6
2021-12-06,2021,12,6,0.0,0.0,0.0,0.0,27.6,31.1,25.3,6.3,29.1
2021-12-07,2021,12,7,0.2,0.2,0.2,0.2,27.9,32.2,25.6,7.9,34.3
2021-12-08,2021,12,8,0.0,0.0,0.0,0.0,27.7,31.7,25.7,8.1,41.1
2021-12-09,2021,12,9,3.2,3.2,3.2,3.2,27.5,32.1,25.1,6.2,29.8
2021-12-10,2021,12,10,49.6,20.6,27.8,31.8,26.2,31.1,23.5,5.5,37.8
2021-12-11,2021,12,11,7.2,3.6,4.6,5.6,26.1,30.4,24.6,4.8,28.5
2021-12-12,2021,12,12,0.0,0.0,0.0,0.0,26.4,29.1,25.3,5.3,29.8
2021-12-13,2021,12,13,0.0,0.0,0.0,0.0,26.9,30.8,24.5,6.1,40.0
2021-12-14,2021,12,14,0.4,0.4,0.4,0.4,27.8,31.8,25.6,6.3,33.5
2021-12-15,2021,12,15,1.0,1.0,1.0,1.0,27.8,31.7,25.5,5.6,35.2
2021-12-16,2021,12,16,0.6,0.6,0.6,0.6,28.2,31.4,25.8,6.0,25.6
2021-12-17,2021,12,17,22.6,7.0,7.0,11.2,26.7,30.0,24.5,6.5,32.4
2021-12-18,2021,12,18,10.0,9.2,9.6,9.8,27.4,31.9,24.4,4.6,19.8
2021-12-19,2021,12,19,26.2,14.2,20.6,22.6,27.0,30.6,23.4,5.7,27.4
2021-12-20,2021,12,20,0.0,0.0,0.0,0.0,27.6,32.2,24.8,4.6,18.0
2021-12-21,2021,12,21,0.0,0.0,0.0,0.0,28.4,34.2,25.1,5.5,22.0
2021-12-22,2021,12,22,0.0,0.0,0.0,0.0,28.1,32.4,26.1,5.2,21.3
2021-12-23,2021,12,23,0.0,0.0,0.0,0.0,27.3,31.2,26.0,3.3,16.9
2021-12-24,2021,12,24,3.2,1.4,2.2,3.2,27.1,30.6,25.6,4.1,18.3
2021-12-25,2021,12,25,37.0,19.8,21.4,31.2,26.4,31.4,23.7,5.5,31.7
2021-12-26,2021,12,26,1.0,0.6,0.8,0.8,27.0,31.1,25.0,5.8,29.4
2021-12-27,2021,12,27,17.8,14.4,17.6,17.8,27.6,33.9,24.9,5.8,24.1
2021-12-28,2021,12,28,0.0,0.0,0.0,0.0,27.8,32.1,25.1,6.4,27.4
2021-12-29,2021,12,29,3.6,3.6,3.6,3.6,27.3,31.3,25.4,5.0,31.7
2021-12-30,2021,12,30,29.0,8.0,10.2,14.4,26.4,31.1,24.4,4.5,26.3
2021-12-31,2021,12,31,54.4,16.2,28.4,35.4,24.7,26.1,22.8,4.7,28.2
2022-01-01,2022,1,1,33.8,22.4,31.0,32.4,25.0,29.6,23.2,3.6,19.1
2022-01-02,2022,1,2,63.6,13.0,20.2,26.0,23.5,24.4,22.8,4.0,21.7
2022-01-03,2022,1,3,1.8,0.8,1.2,1.6,25.6,30.6,23.2,4.2,20.9
2022-01-04,2022,1,4,4.6,4.0,4.2,4.4,25.7,32.2,23.8,5.4,29.8
2022-01-05,2022,1,5,7.8,7.4,7.8,7.8,27.6,33.4,24.7,5.4,25.6
2022-01-06,2022,1,6,0.0,0.0,0.0,0.0,28.1,33.6,25.2,5.6,26.7
2022-01-07,2022,1,7,17.6,8.2,10.6,14.6,27.0,32.1,24.3,5.2,24.8
2022-01-08,2022,1,8,0.5,0.5,0.5,0.5,27.2,31.2,25.0,6.8,29.4
2022-01-09,2022,1,9,0.0,0.0,0.0,0.0,27.7,32.3,25.1,7.1,35.6
2022-01-10,2022,1,10,0.0,0.0,0.0,0.0,27.8,32.3,25.2,7.0,33.9
2022-01-11,2022,1,11,0.0,0.0,0.0,0.0,27.4,31.3,24.6,6.0,27.8
2022-01-12,2022,1,12,0.0,0.0,0.0,0.0,27.2,31.8,24.7,7.9,40.4
2022-01-13,2022,1,13,0.0,0.0,0.0,0.0,27.0,31.8,23.9,7.1,32.0
2022-01-14,2022,1,14,0.0,0.0,0.0,0.0,27.1,31.5,24.6,7.4,33.9
2022-01-15,2022,1,15,0.0,0.0,0.0,0.0,27.5,32.7,24.9,7.0,29.4
2022-01-16,2022,1,16,0.0,0.0,0.0,0.0,27.5,32.0,24.9,7.7,35.6
2022-01-17,2022,1,17,5.6,3.4,3.4,5.4,26.7,29.8,24.9,6.9,37.8
2022-01-18,2022,1,18,0.0,0.0,0.0,0.0,27.5,32.4,24.8,7.6,35.6
2022-01-19,2022,1,19,1.8,1.2,1.2,1.8,26.9,30.4,24.7,6.7,30.2
2022-01-20,2022,1,20,29.0,26.2,28.6,28.8,26.7,31.8,23.9,5.4,33.2
2022-01-21,2022,1,21,0.2,0.2,0.2,0.2,27.1,32.7,24.1,7.1,28.5
2022-01-22,2022,1,22,0.8,0.8,0.8,0.8,27.2,33.9,24.7,6.4,24.8
2022-01-23,2022,1,23,0.0,0.0,0.0,0.0,27.5,33.0,24.3,5.1,21.7
2022-01-24,2022,1,24,0.0,0.0,0.0,0.0,27.3,32.3,24.7,4.9,21.3
2022-01-25,2022,1,25,0.0,0.0,0.0,0.0,27.8,32.9,24.5,6.4,27.0
2022-01-26,2022,1,26,0.0,0.0,0.0,0.0,27.8,32.8,25.0,5.2,28.9
2022-01-27,2022,1,27,0.0,0.0,0.0,0.0,27.6,33.3,24.8,5.5,28.2
2022-01-28,2022,1,28,0.0,0.0,0.0,0.0,27.8,33.3,24.4,5.9,27.8
2022-01-29,2022,1,29,0.0,0.0,0.0,0.0,27.7,33.7,24.5,4.9,24.4
2022-01-30,2022,1,30,4.2,3.0,3.8,4.0,26.7,32.5,24.5,5.5,24.4
2022-01-31,2022,1,31,0.0,0.0,0.0,0.0,27.7,33.2,24.5,6.4,27.4
2022-02-01,2022,2,1,0.0,0.0,0.0,0.0,27.6,32.1,25.1,7.9,33.2
2022-02-02,2022,2,2,1.4,1.4,1.4,1.4,27.5,33.0,24.6,4.8,20.9
2022-02-03,2022,2,3,0.0,0.0,0.0,0.0,28.1,32.5,25.3,7.3,29.8
2022-02-04,2022,2,4,0.0,0.0,0.0,0.0,28.1,32.3,25.9,8.6,35.9
2022-02-05,2022,2,5,6.2,4.8,5.0,5.6,27.0,31.4,25.0,7.1,32.0
2022-02-06,2022,2,6,47.6,19.4,26.0,34.0,25.4,29.2,23.3,4.6,32.4
2022-02-07,2022,2,7,1.6,1.0,1.6,1.6,26.2,29.7,23.5,6.5,28.9
2022-02-08,2022,2,8,0.6,0.4,0.6,0.6,26.1,30.4,23.9,5.1,25.9
2022-02-09,2022,2,9,38.6,34.2,34.6,34.8,26.0,31.4,23.2,4.0,28.2
2022-02-10,2022,2,10,14.6,2.2,4.0,5.2,24.2,25.8,23.4,4.4,20.6
2022-02-11,2022,2,11,4.0,1.4,2.4,2.6,25.3,29.3,22.8,4.0,27.4
2022-02-12,2022,2,12,31.0,21.0,25.8,30.8,26.5,32.7,23.2,5.4,24.4
2022-02-13,2022,2,13,0.8,0.8,0.8,0.8,26.7,32.5,24.2,3.5,17.6
2022-02-14,2022,2,14,0.0,0.0,0.0,0.0,27.5,31.8,24.9,4.9,25.9
2022-02-15,2022,2,15,11.8,11.6,11.8,11.8,27.6,32.5,24.1,4.7,27.4
2022-02-16,2022,2,16,8.4,7.0,7.6,8.0,26.1,28.4,22.1,3.6,40.7
2022-02-17,2022,2,17,7.0,7.0,7.0,7.0,27.4,32.1,22.8,4.7,31.3
2022-02-18,2022,2,18,0.0,0.0,0.0,0.0,28.4,33.1,26.1,5.9,20.9
2022-02-19,2022,2,19,0.0,0.0,0.0,0.0,27.5,32.5,25.8,4.9,24.1
2022-02-20,2022,2,20,34.4,29.2,33.6,34.4,26.7,34.2,21.4,4.6,48.2
2022-02-21,2022,2,21,0.0,0.0,0.0,0.0,28.0,33.0,24.8,5.7,27.8
2022-02-22,2022,2,22,0.0,0.0,0.0,0.0,27.8,32.5,24.7,6.1,27.8
2022-02-23,2022,2,23,0.0,0.0,0.0,0.0,27.8,32.6,25.4,6.5,30.6
2022-02-24,2022,2,24,21.0,7.2,10.0,15.8,24.7,27.3,23.0,6.1,29.8
2022-02-25,2022,2,25,0.0,0.0,0.0,0.0,26.9,32.5,23.2,5.1,26.3
2022-02-26,2022,2,26,0.0,0.0,0.0,0.0,27.0,29.6,25.2,3.6,18.3
2022-02-27,2022,2,27,5.2,2.6,2.6,2.8,25.8,29.0,23.8,5.3,26.7
2022-02-28,2022,2,28,0.0,0.0,0.0,0.0,27.3,32.3,24.6,7.9,31.7
2022-03-01,2022,3,1,0.0,0.0,0.0,0.0,27.3,31.8,24.9,5.7,32.0
2022-03-02,2022,3,2,17.6,9.4,11.8,15.6,26.6,32.9,23.7,5.5,36.7
2022-03-03,2022,3,3,9.4,4.2,4.8,8.4,26.8,33.3,24.1,5.6,27.8
2022-03-04,2022,3,4,0.0,0.0,0.0,0.2,27.6,32.1,25.2,6.0,29.1
2022-03-05,2022,3,5,0.0,0.0,0.0,0.0,27.7,33.2,24.8,4.8,31.7
2022-03-06,2022,3,6,0.0,0.0,0.0,0.0,27.2,30.9,25.5,3.8,15.7
2022-03-07,2022,3,7,46.0,27.2,30.6,42.4,26.7,32.5,23.3,4.5,31.3
2022-03-08,2022,3,8,4.2,3.8,4.0,4.0,27.4,31.8,24.8,3.9,19.8
2022-03-09,2022,3,9,5.2,3.6,4.6,5.0,27.6,32.2,25.4,5.7,27.0
2022-03-10,2022,3,10,17.6,8.4,10.6,12.4,26.8,31.0,22.5,5.3,39.6
2022-03-11,2022,3,11,3.0,2.6,2.8,2.8,27.4,32.7,25.1,4.9,23.0
2022-03-12,2022,3,12,34.8,26.2,28.2,34.8,27.1,33.3,22.6,4.9,28.2
2022-03-13,2022,3,13,0.0,0.0,0.0,0.0,28.2,35.2,24.4,4.7,26.7
2022-03-14,2022,3,14,0.2,0.2,0.2,0.2,28.1,31.6,26.3,4.6,24.1
2022-03-15,2022,3,15,18.6,5.4,9.0,15.8,25.9,31.1,23.5,4.5,23.0
2022-03-16,2022,3,16,5.8,4.6,5.8,5.8,27.7,32.4,23.9,4.1,23.3
2022-03-17,2022,3,17,15.4,11.2,14.0,14.0,27.2,32.9,23.7,3.2,27.0
2022-03-18,2022,3,18,0.0,0.0,0.0,0.0,28.3,33.2,24.9,4.3,21.7
2022-03-19,2022,3,19,0.0,0.0,0.0,0.0,29.7,35.2,26.0,5.1,18.7
2022-03-20,2022,3,20,0.0,0.0,0.0,0.0,28.3,31.2,25.6,5.4,23.3
2022-03-21,2022,3,21,1.4,0.8,0.8,1.4,28.4,32.6,23.4,4.4,31.7
2022-03-22,2022,3,22,1.2,1.0,1.2,1.2,28.2,31.5,26.5,4.0,18.7
2022-03-23,2022,3,23,9.8,9.4,9.4,9.8,27.8,33.1,25.1,4.3,23.0
2022-03-24,2022,3,24,0.6,0.2,0.4,0.4,27.9,34.1,25.6,4.5,21.3
2022-03-25,2022,3,25,13.0,10.6,12.8,12.8,28.1,34.4,25.9,4.9,40.0
2022-03-26,2022,3,26,0.0,0.0,0.0,0.0,28.4,33.8,25.9,4.6,24.8
2022-03-27,2022,3,27,0.0,0.0,0.0,0.0,29.2,35.2,25.2,3.9,22.4
2022-03-28,2022,3,28,1.0,0.8,1.0,1.0,28.1,34.6,25.4,4.5,26.3
2022-03-29,2022,3,29,25.0,20.2,23.2,24.0,27.5,34.9,23.0,4.6,37.8
2022-03-30,2022,3,30,0.0,0.0,0.0,0.0,28.6,33.6,25.2,4.4,23.3
2022-03-31,2022,3,31,9.6,8.6,9.4,9.6,27.9,33.0,24.5,4.3,25.6
2022-04-01,2022,4,1,0.0,0.0,0.0,0.0,28.8,35.3,25.4,4.2,27.0
2022-04-02,2022,4,2,8.8,8.4,8.8,8.8,27.9,33.2,24.1,3.5,28.5
2022-04-03,2022,4,3,11.0,7.0,7.2,7.2,26.6,30.9,24.0,3.1,21.7
2022-04-04,2022,4,4,0.0,0.0,0.0,0.0,27.5,33.6,23.6,4.3,20.2
2022-04-05,2022,4,5,0.0,0.0,0.0,0.0,27.9,31.5,25.8,4.7,25.6
2022-04-06,2022,4,6,0.8,0.8,0.8,0.8,28.0,33.4,24.7,4.0,29.4
2022-04-07,2022,4,7,0.2,0.2,0.2,0.2,26.4,28.4,25.0,3.9,21.7
2022-04-08,2022,4,8,0.0,0.0,0.0,0.0,27.9,33.5,25.0,4.6,22.6
2022-04-09,2022,4,9,2.0,1.6,2.0,2.0,26.5,30.6,23.0,3.4,38.5
2022-04-10,2022,4,10,0.8,0.8,0.8,0.8,26.9,32.3,25.1,3.7,22.4
2022-04-11,2022,4,11,52.8,27.4,49.8,52.8,26.4,31.0,22.8,3.0,26.3
2022-04-12,2022,4,12,0.0,0.0,0.0,0.0,28.3,33.0,24.7,3.0,17.6
2022-04-13,2022,4,13,0.4,0.4,0.4,0.4,28.0,32.6,26.0,4.0,24.1
2022-04-14,2022,4,14,6.0,4.0,5.4,6.0,28.3,32.8,22.6,5.8,33.5
2022-04-15,2022,4,15,41.6,17.0,30.8,35.0,28.0,32.0,23.0,4.3,28.9
2022-04-16,2022,4,16,0.8,0.8,0.8,0.8,28.7,32.1,24.0,4.1,21.3
2022-04-17,2022,4,17,21.4,14.6,15.8,16.0,28.2,34.1,25.4,3.3,24.8
2022-04-18,2022,4,18,22.8,7.6,11.0,14.2,27.0,33.3,23.8,4.2,23.3
2022-04-19,2022,4,19,2.8,1.2,1.2,1.8,27.2,33.8,25.0,3.3,21.7
2022-04-20,2022,4,20,0.0,0.0,0.0,0.0,27.8,33.6,25.4,3.7,27.0
2022-04-21,2022,4,21,27.4,20.2,21.8,22.0,25.7,27.0,23.5,2.6,24.1
2022-04-22,2022,4,22,0.0,0.0,0.0,0.0,28.4,33.2,24.4,5.0,27.8
2022-04-23,2022,4,23,41.0,35.6,41.0,41.0,27.8,34.2,22.8,3.3,44.3
2022-04-24,2022,4,24,5.0,4.0,4.6,4.8,28.2,32.0,25.8,2.7,20.6
2022-04-25,2022,4,25,0.0,0.0,0.0,0.0,28.3,34.0,26.4,3.3,23.7
2022-04-26,2022,4,26,0.0,0.0,0.0,0.0,28.5,32.4,25.4,3.4,17.2
2022-04-27,2022,4,27,0.0,0.0,0.0,0.0,28.2,33.4,26.8,3.3,19.1
2022-04-28,2022,4,28,13.0,10.6,13.0,13.0,27.9,33.0,25.0,3.3,54.4
2022-04-29,2022,4,29,0.0,0.0,0.0,0.0,29.1,33.9,26.0,3.8,22.0
2022-04-30,2022,4,30,4.2,3.4,3.4,3.4,27.6,32.3,24.7,4.3,31.3
2022-05-01,2022,5,1,1.8,1.2,1.2,1.2,28.3,31.8,25.6,3.7,19.4
2022-05-02,2022,5,2,3.2,1.6,2.0,2.6,27.7,30.6,24.2,6.2,27.0
2022-05-03,2022,5,3,17.2,13.0,15.2,15.6,28.0,31.5,24.2,5.9,38.5
2022-05-04,2022,5,4,25.4,4.8,7.4,14.2,27.8,30.6,23.3,6.3,35.9
2022-05-05,2022,5,5,0.0,0.0,0.0,0.0,28.9,31.8,27.2,6.5,25.9
2022-05-06,2022,5,6,0.0,0.0,0.0,0.0,29.4,32.9,27.2,6.1,23.0
2022-05-07,2022,5,7,9.6,2.6,4.6,5.8,27.5,31.5,23.8,4.8,43.5
2022-05-08,2022,5,8,1.8,0.8,1.4,1.6,27.8,30.2,25.3,5.5,22.4
2022-05-09,2022,5,9,0.0,0.0,0.0,0.0,29.4,33.5,26.7,5.0,27.0
2022-05-10,2022,5,10,0.0,0.0,0.0,0.0,30.1,34.4,27.1,4.8,28.9
2022-05-11,2022,5,11,41.8,16.2,30.4,38.2,27.8,31.0,24.0,4.2,26.7
2022-05-12,2022,5,12,0.0,0.0,0.0,0.0,29.9,34.1,26.7,5.0,29.4
2022-05-13,2022,5,13,0.0,0.0,0.0,0.0,29.8,34.8,26.8,4.4,19.8
2022-05-14,2022,5,14,1.0,1.0,1.0,1.0,29.3,34.4,27.0,4.6,26.7
2022-05-15,2022,5,15,0.0,0.0,0.0,0.0,28.9,34.2,26.2,3.6,25.6
2022-05-16,2022,5,16,52.4,23.0,33.0,46.4,26.8,31.0,23.3,4.1,30.6
2022-05-17,2022,5,17,0.0,0.0,0.0,0.0,28.9,33.4,25.4,4.9,22.6
2022-05-18,2022,5,18,0.0,0.0,0.0,0.0,29.8,34.4,27.0,5.7,24.4
2022-05-19,2022,5,19,37.2,19.2,26.0,29.0,27.5,32.7,23.8,3.4,37.8
2022-05-20,2022,5,20,0.0,0.0,0.0,0.0,28.2,32.4,26.3,3.4,34.6
2022-05-21,2022,5,21,0.0,0.0,0.0,0.0,28.9,32.8,26.1,4.2,27.0
2022-05-22,2022,5,22,0.0,0.0,0.0,0.0,29.3,31.6,27.4,6.1,25.2
2022-05-23,2022,5,23,0.2,0.2,0.2,0.2,29.3,34.3,26.3,5.1,28.2
2022-05-24,2022,5,24,0.0,0.0,0.0,0.0,29.6,34.9,26.3,4.2,27.0
2022-05-25,2022,5,25,30.8,16.2,16.4,16.4,27.3,32.8,23.4,4.7,30.6
2022-05-26,2022,5,26,0.0,0.0,0.0,0.0,28.6,33.9,24.7,3.4,15.2
2022-05-27,2022,5,27,0.0,0.0,0.0,0.0,29.9,33.7,27.7,4.7,24.4
2022-05-28,2022,5,28,0.0,0.0,0.0,0.0,29.2,32.4,26.4,4.9,27.4
2022-05-29,2022,5,29,0.0,0.0,0.0,0.0,30.4,34.8,27.4,4.1,21.3
2022-05-30,2022,5,30,0.0,0.0,0.0,0.0,30.6,35.0,27.1,4.3,20.2
2022-05-31,2022,5,31,0.0,0.0,0.0,0.0,30.1,34.1,27.6,4.4,21.7
2022-06-01,2022,6,1,1.8,1.2,1.8,1.8,29.2,31.9,25.8,3.7,26.3
2022-06-02,2022,6,2,3.2,3.2,3.2,3.2,27.7,31.4,24.8,5.1,20.6
2022-06-03,2022,6,3,4.6,4.4,4.4,4.4,27.7,30.5,24.6,3.5,28.5
2022-06-04,2022,6,4,34.8,15.4,29.6,33.8,28.0,32.4,23.0,4.4,29.8
2022-06-05,2022,6,5,0.0,0.0,0.0,0.0,28.0,31.8,26.5,4.1,21.3
2022-06-06,2022,6,6,5.2,4.8,5.2,5.2,27.9,30.8,23.2,6.1,26.7
2022-06-07,2022,6,7,21.0,20.8,21.0,21.0,27.3,29.8,23.6,3.5,19.4
2022-06-08,2022,6,8,0.6,0.6,0.6,0.6,28.4,35.0,25.0,4.3,28.9
2022-06-09,2022,6,9,1.4,0.8,0.8,0.8,27.4,32.0,25.3,3.5,23.7
2022-06-10,2022,6,10,0.0,0.0,0.0,0.0,28.6,33.0,26.2,3.9,22.0
2022-06-11,2022,6,11,17.8,9.8,16.4,17.6,27.2,31.2,23.2,5.4,23.3
2022-06-12,2022,6,12,0.2,0.2,0.2,0.2,27.3,29.5,24.9,4.1,23.7
2022-06-13,2022,6,13,22.6,11.2,13.8,17.6,27.1,31.9,22.3,3.4,23.0
2022-06-14,2022,6,14,0.2,0.2,0.2,0.2,27.9,31.5,24.5,5.3,42.8
2022-06-15,2022,6,15,0.0,0.0,0.0,0.0,28.1,30.6,26.1,4.0,27.0
2022-06-16,2022,6,16,10.2,8.2,8.4,9.4,26.2,29.0,23.5,3.5,16.9
2022-06-17,2022,6,17,0.2,0.2,0.2,0.4,27.7,30.5,24.8,2.8,17.2
2022-06-18,2022,6,18,1.0,0.8,1.0,1.0,27.5,32.2,24.9,3.6,19.8
2022-06-19,2022,6,19,0.0,0.0,0.0,0.0,28.1,32.3,24.9,3.0,17.6
2022-06-20,2022,6,20,36.0,15.4,22.0,26.0,26.0,28.2,23.4,4.8,32.0
2022-06-21,2022,6,21,8.6,6.8,8.2,8.6,26.8,29.0,23.6,4.6,35.9
2022-06-22,2022,6,22,1.2,0.8,0.8,0.8,27.6,30.8,25.8,6.4,30.6
2022-06-23,2022,6,23,23.8,20.2,21.6,21.8,26.8,29.8,24.2,5.4,23.0
2022-06-24,2022,6,24,2.6,2.0,2.0,2.0,27.0,30.3,23.8,4.8,26.3
2022-06-25,2022,6,25,14.4,8.0,8.4,9.2,26.0,28.4,23.7,4.3,26.7
2022-06-26,2022,6,26,0.0,0.0,0.0,0.0,28.1,32.2,26.0,6.9,30.6
2022-06-27,2022,6,27,0.0,0.0,0.0,0.0,28.7,32.2,26.6,5.9,28.2
2022-06-28,2022,6,28,10.4,6.8,7.4,7.4,27.1,32.0,23.9,3.9,31.7
2022-06-29,2022,6,29,0.0,0.0,0.0,0.0,28.2,31.8,25.1,5.3,22.4
2022-06-30,2022,6,30,3.8,1.6,2.2,3.6,27.1,29.6,24.0,6.7,25.9
2022-07-01,2022,7,1,0.0,0.0,0.0,0.0,28.7,31.8,26.9,8.4,28.5
2022-07-02,2022,7,2,0.0,0.0,0.0,0.0,28.9,32.0,26.6,6.8,25.6
2022-07-03,2022,7,3,0.0,0.0,0.0,0.0,28.9,32.0,26.8,5.6,24.4
2022-07-04,2022,7,4,0.0,0.0,0.0,0.0,29.4,33.8,26.7,4.3,20.6
2022-07-05,2022,7,5,0.4,0.2,0.4,0.4,27.5,30.9,25.3,4.7,27.4
2022-07-06,2022,7,6,0.0,0.0,0.0,0.0,28.5,31.5,26.1,4.2,24.1
2022-07-07,2022,7,7,9.8,6.0,9.6,9.8,29.0,32.1,25.9,6.4,21.7
2022-07-08,2022,7,8,7.2,2.4,3.4,6.0,27.9,31.2,23.5,5.1,24.8
2022-07-09,2022,7,9,0.0,0.0,0.0,0.0,29.2,32.0,27.3,5.8,24.8
2022-07-10,2022,7,10,8.6,6.8,6.8,8.6,27.4,29.2,24.8,5.6,25.2
2022-07-11,2022,7,11,0.0,0.0,0.0,0.0,28.0,32.0,25.5,6.3,28.5
2022-07-12,2022,7,12,0.0,0.0,0.0,0.0,28.5,31.2,26.8,5.1,24.1
2022-07-13,2022,7,13,0.0,0.0,0.0,0.0,28.4,30.8,26.6,5.1,20.6
2022-07-14,2022,7,14,0.6,0.4,0.6,0.6,28.8,31.8,27.3,5.4,24.8
2022-07-15,2022,7,15,0.0,0.0,0.0,0.0,28.7,31.1,27.3,7.1,24.4
2022-07-16,2022,7,16,0.0,0.0,0.0,0.0,29.0,31.5,27.3,8.7,34.3
2022-07-17,2022,7,17,0.0,0.0,0.0,0.0,29.6,33.6,27.8,5.6,19.8
2022-07-18,2022,7,18,0.0,0.0,0.0,0.0,29.5,32.8,27.6,6.3,23.7
2022-07-19,2022,7,19,0.0,0.0,0.0,0.0,29.6,33.3,27.5,7.6,31.7
2022-07-20,2022,7,20,10.2,6.2,6.2,6.2,26.5,29.0,22.4,5.0,29.1
2022-07-21,2022,7,21,1.2,1.2,1.2,1.2,28.3,31.8,26.5,5.9,30.9
2022-07-22,2022,7,22,5.0,4.6,4.8,4.8,27.2,30.4,24.7,3.3,26.3
2022-07-23,2022,7,23,0.0,0.0,0.0,0.0,28.2,33.5,25.3,3.2,23.7
2022-07-24,2022,7,24,1.0,0.4,0.4,0.6,27.1,32.2,25.2,3.0,20.6
2022-07-25,2022,7,25,10.2,10.2,10.2,10.2,27.0,30.7,23.7,3.3,23.3
2022-07-26,2022,7,26,35.4,29.2,41.4,42.2,26.3,30.6,23.0,4.9,20.9
2022-07-27,2022,7,27,0.0,0.0,0.0,0.0,28.5,31.4,26.2,7.8,37.0
2022-07-28,2022,7,28,0.0,0.0,0.0,0.0,28.8,32.3,27.6,5.8,28.5
2022-07-29,2022,7,29,19.4,11.2,12.4,18.0,27.6,31.3,23.2,5.7,42.4
2022-07-30,2022,7,30,0.0,0.2,0.2,0.2,28.1,31.8,25.3,7.8,28.5
2022-07-31,2022,7,31,0.0,0.0,0.0,0.0,28.4,31.9,26.9,6.9,28.9
2022-08-01,2022,8,1,0.2,0.2,0.2,0.2,28.2,30.9,26.2,3.6,21.7
2022-08-02,2022,8,2,33.2,9.8,15.8,26.0,26.5,31.3,23.2,3.8,36.7
2022-08-03,2022,8,3,26.4,13.4,15.8,16.0,26.1,28.8,23.0,3.4,29.1
2022-08-04,2022,8,4,4.4,2.8,3.0,4.2,26.0,28.7,23.5,3.9,18.3
2022-08-05,2022,8,5,0.0,0.0,0.0,0.0,27.5,30.4,25.3,5.1,20.6
2022-08-06,2022,8,6,0.0,0.0,0.0,0.0,28.4,32.1,25.2,5.6,28.5
2022-08-07,2022,8,7,22.2,19.2,22.0,22.2,27.8,30.3,22.5,6.0,31.7
2022-08-08,2022,8,8,0.0,0.0,0.0,0.0,28.9,31.9,27.3,8.5,31.3
2022-08-09,2022,8,9,0.0,0.0,0.0,0.0,28.9,32.7,26.6,5.9,25.6
2022-08-10,2022,8,10,0.0,0.0,0.0,0.0,28.9,31.9,27.1,8.9,33.9
2022-08-11,2022,8,11,0.0,0.0,0.0,0.0,29.4,32.9,27.5,8.9,30.9
2022-08-12,2022,8,12,0.0,0.0,0.0,0.0,29.3,33.2,27.6,5.2,30.2
2022-08-13,2022,8,13,13.4,8.2,12.8,13.2,27.4,30.3,22.9,4.0,29.8
2022-08-14,2022,8,14,0.4,0.4,0.4,0.4,28.0,33.0,24.7,4.5,36.3
2022-08-15,2022,8,15,0.0,0.0,0.0,0.0,28.7,31.8,26.3,4.9,23.7
2022-08-16,2022,8,16,33.4,31.0,31.8,33.2,27.2,30.3,21.9,3.9,32.4
2022-08-17,2022,8,17,0.0,0.0,0.0,0.0,28.6,31.9,26.4,6.6,38.5
2022-08-18,2022,8,18,11.4,9.6,10.4,10.4,28.1,30.9,23.6,4.9,43.5
2022-08-19,2022,8,19,0.0,0.0,0.0,0.0,28.4,30.6,26.3,5.3,24.8
2022-08-20,2022,8,20,10.0,6.4,6.8,9.8,27.7,30.8,24.8,4.1,35.0
2022-08-21,2022,8,21,76.4,46.4,57.8,76.0,26.2,28.6,22.5,5.2,42.0
2022-08-22,2022,8,22,0.0,0.0,0.0,0.0,28.3,31.4,26.0,6.7,29.4
2022-08-23,2022,8,23,17.6,6.8,10.2,14.4,26.3,29.4,23.9,2.7,20.6
2022-08-24,2022,8,24,3.2,2.2,2.6,3.2,27.1,31.5,23.8,4.7,38.2
2022-08-25,2022,8,25,16.0,11.4,11.6,11.6,27.0,29.6,23.7,6.6,43.5
2022-08-26,2022,8,26,35.8,28.4,29.0,31.2,25.6,27.5,23.0,3.4,35.6
2022-08-27,2022,8,27,21.6,7.2,11.8,14.4,25.8,31.6,23.9,3.2,21.7
2022-08-28,2022,8,28,8.579601518026568,4.8065464895635674,6.039753320683112,6.994592030360532,27.609428571428573,31.74028571428572,24.87457142857143,5.047734138972809,27.406767676767675
2022-08-29,2022,8,29,7.2,5.2,6.4,7.0,26.7,31.0,23.3,3.3,17.6
2022-08-30,2022,8,30,0.0,0.0,0.0,0.0,27.1,30.0,26.1,5.0,20.9
2022-08-31,2022,8,31,0.0,0.0,0.0,0.0,28.5,32.7,25.3,4.7,23.3
2022-09-01,2022,9,1,0.2,0.2,0.2,0.2,28.3,32.6,26.6,3.7,28.9
2022-09-02,2022,9,2,8.4,6.0,6.0,6.2,26.7,28.8,25.6,3.7,20.9
2022-09-03,2022,9,3,0.0,0.0,0.0,0.0,28.1,30.8,26.4,6.8,29.4
2022-09-04,2022,9,4,1.8,1.4,1.4,1.8,27.7,30.5,26.0,3.0,19.4
2022-09-05,2022,9,5,0.2,0.2,0.2,0.2,27.1,32.0,24.6,3.3,30.2
2022-09-06,2022,9,6,0.0,0.0,0.0,0.0,28.3,32.6,25.2,4.3,27.0
2022-09-07,2022,9,7,1.0,0.8,1.0,1.0,26.9,29.3,25.8,4.4,22.4
2022-09-08,2022,9,8,0.0,0.0,0.0,0.0,28.2,32.2,26.0,3.7,23.3
2022-09-09,2022,9,9,7.0,4.6,6.2,6.4,26.5,29.6,25.2,3.2,19.8
2022-09-10,2022,9,10,0.0,0.0,0.0,0.0,27.8,31.9,25.7,6.4,22.4
2022-09-11,2022,9,11,0.0,0.0,0.0,0.0,27.2,29.7,25.8,4.5,27.8
2022-09-12,2022,9,12,0.0,0.0,0.0,0.0,28.1,32.8,24.7,4.2,25.2
2022-09-13,2022,9,13,10.0,3.4,4.4,7.6,26.7,29.7,22.8,5.0,31.7
2022-09-14,2022,9,14,0.0,0.0,0.0,0.0,26.7,28.8,25.6,6.7,42.8
2022-09-15,2022,9,15,0.0,0.0,0.0,0.0,27.8,30.9,25.5,5.1,22.6
2022-09-16,2022,9,16,0.0,0.0,0.0,0.0,28.4,32.1,25.9,5.5,24.1
2022-09-17,2022,9,17,6.0,6.0,6.0,6.0,27.8,29.7,25.2,4.8,28.2
2022-09-18,2022,9,18,114.4,43.4,62.8,85.6,25.6,27.8,22.1,4.5,38.9
2022-09-19,2022,9,19,0.0,0.0,0.0,0.2,27.2,29.8,25.1,4.7,23.3
2022-09-20,2022,9,20,0.0,0.0,0.0,0.0,27.2,29.5,23.7,4.8,29.1
2022-09-21,2022,9,21,0.2,0.2,0.2,0.2,28.3,31.7,25.5,5.5,24.4
2022-09-22,2022,9,22,45.2,15.2,22.0,39.0,26.4,28.8,22.2,5.5,37.0
2022-09-23,2022,9,23,0.0,0.0,0.0,0.0,28.4,32.3,26.0,5.8,20.9
2022-09-24,2022,9,24,20.4,14.6,15.6,17.6,27.6,31.2,22.7,5.0,29.1
2022-09-25,2022,9,25,76.2,38.8,49.4,57.4,26.3,30.3,22.0,5.9,30.2
2022-09-26,2022,9,26,0.0,0.0,0.0,0.0,27.9,29.9,25.9,5.5,28.2
2022-09-27,2022,9,27,0.0,0.0,0.0,0.0,28.2,32.0,25.0,5.3,28.5
2022-09-28,2022,9,28,0.6,0.6,0.6,0.6,28.6,32.5,25.1,3.8,19.1
2022-09-29,2022,9,29,38.2,30.0,36.2,38.0,27.5,30.4,23.2,4.5,26.3
2022-09-30,2022,9,30,0.6,0.6,0.6,0.6,28.5,32.9,25.7,3.7,23.0
2022-10-01,2022,10,1,15.2,10.2,15.0,15.2,27.1,33.1,24.4,3.8,25.2
2022-10-02,2022,10,2,16.8,10.0,10.0,10.0,26.8,33.9,22.6,3.8,22.4
2022-10-03,2022,10,3,55.6,32.4,46.8,50.6,26.1,31.8,23.0,3.1,21.7
2022-10-04,2022,10,4,1.8,0.8,1.2,1.8,26.4,30.2,24.4,3.9,19.4
2022-10-05,2022,10,5,74.0,23.2,35.0,61.8,26.2,29.4,23.1,3.8,25.6
2022-10-06,2022,10,6,7.6,6.4,6.4,6.4,26.0,30.4,24.2,3.4,23.7
2022-10-07,2022,10,7,12.2,3.6,6.0,7.6,25.2,28.4,23.5,4.1,27.0
2022-10-08,2022,10,8,0.0,0.0,0.0,0.0,26.9,31.7,23.8,4.3,20.6
2022-10-09,2022,10,9,1.2,0.4,0.6,1.2,27.7,31.6,24.9,3.6,17.2
2022-10-10,2022,10,10,2.6,2.0,2.0,2.4,26.7,29.0,23.5,4.8,45.4
2022-10-11,2022,10,11,1.8,0.8,1.4,1.8,28.3,32.8,24.9,4.2,22.4
2022-10-12,2022,10,12,37.2,13.2,15.4,27.4,26.2,29.5,22.5,5.0,24.8
2022-10-13,2022,10,13,0.0,0.0,0.0,0.0,28.6,33.0,25.4,4.2,21.3
2022-10-14,2022,10,14,5.0,4.8,4.8,4.8,27.7,30.7,24.3,5.6,23.7
2022-10-15,2022,10,15,0.0,0.0,0.0,0.0,28.7,32.5,26.1,6.0,22.4
2022-10-16,2022,10,16,96.8,31.2,50.8,71.4,27.0,31.4,22.2,4.1,32.0
2022-10-17,2022,10,17,13.8,11.0,12.8,13.2,27.5,32.2,23.4,4.0,23.0
2022-10-18,2022,10,18,0.0,0.0,0.0,0.0,28.3,31.6,25.5,4.0,16.9
2022-10-19,2022,10,19,1.6,1.2,1.2,1.2,28.8,33.6,26.9,4.0,17.6
2022-10-20,2022,10,20,0.0,0.0,0.0,0.0,29.6,34.0,26.7,3.9,19.8
2022-10-21,2022,10,21,17.8,8.8,11.2,16.0,26.5,29.6,23.8,3.4,23.0
2022-10-22,2022,10,22,2.2,0.8,1.2,1.4,26.6,32.0,24.4,4.7,19.8
2022-10-23,2022,10,23,0.2,0.2,0.2,0.2,26.8,30.3,24.0,4.6,22.6
2022-10-24,2022,10,24,0.4,0.2,0.4,0.4,27.4,30.8,25.6,4.1,20.6
2022-10-25,2022,10,25,10.4,3.2,4.4,7.8,26.9,32.0,23.3,4.5,25.2
2022-10-26,2022,10,26,9.4,3.8,4.8,5.8,25.8,29.1,23.0,4.5,26.7
2022-10-27,2022,10,27,1.8,1.8,1.8,1.8,27.6,32.1,24.1,7.1,27.4
2022-10-28,2022,10,28,1.6,0.6,0.6,1.0,27.9,32.8,25.0,6.1,22.0
2022-10-29,2022,10,29,0.0,0.0,0.0,0.0,27.9,32.1,25.3,4.3,21.7
2022-10-30,2022,10,30,66.4,30.2,42.6,54.0,28.0,32.8,23.2,4.9,40.7
2022-10-31,2022,10,31,2.8,9.2,39.4,43.6,27.3,31.9,23.3,4.9,21.3
2022-11-01,2022,11,1,0.0,0.0,0.0,0.0,27.3,30.1,24.4,3.4,33.5
2022-11-02,2022,11,2,0.0,0.0,0.0,0.0,27.8,31.6,25.2,3.7,20.6
2022-11-03,2022,11,3,14.6,12.2,13.6,14.2,27.3,31.6,24.5,3.5,16.1
2022-11-04,2022,11,4,22.2,12.8,18.4,18.4,28.1,33.1,23.1,5.3,24.4
2022-11-05,2022,11,5,32.0,16.2,24.2,28.2,25.0,27.4,22.0,3.6,35.6
2022-11-06,2022,11,6,0.8,0.4,0.4,0.4,26.6,31.3,24.6,4.5,32.4
2022-11-07,2022,11,7,8.4,2.8,5.0,7.2,26.6,33.1,23.9,4.1,26.3
2022-11-08,2022,11,8,13.0,5.6,9.4,12.8,26.2,32.0,23.5,3.3,35.2
2022-11-09,2022,11,9,0.8,0.4,0.6,0.6,26.3,29.5,24.1,4.5,23.7
2022-11-10,2022,11,10,57.4,31.4,39.4,39.4,26.1,30.5,23.9,3.8,35.0
2022-11-11,2022,11,11,5.0,3.8,4.6,4.6,26.7,31.3,24.2,3.5,19.4
2022-11-12,2022,11,12,13.6,8.0,10.0,11.8,25.8,31.0,24.3,3.2,18.0
2022-11-13,2022,11,13,30.6,20.0,28.0,29.4,25.7,30.7,23.5,2.8,24.4
2022-11-14,2022,11,14,26.8,14.8,19.2,25.6,26.9,32.2,23.0,3.7,28.2
2022-11-15,2022,11,15,4.8,3.0,4.2,4.4,27.5,31.4,23.5,6.0,32.4
2022-11-16,2022,11,16,2.0,0.4,0.6,1.0,27.6,33.8,24.4,4.1,28.2
2022-11-17,2022,11,17,2.8,1.6,2.4,2.8,27.5,31.5,23.6,4.6,23.0
2022-11-18,2022,11,18,0.0,0.0,0.0,0.0,28.4,32.1,26.3,6.0,24.8
2022-11-19,2022,11,19,9.2,2.4,4.4,6.2,25.8,27.5,22.7,5.0,32.0
2022-11-20,2022,11,20,1.0,0.6,0.8,1.0,27.2,30.6,24.3,6.5,25.6
2022-11-21,2022,11,21,0.6,0.6,0.6,0.6,28.1,32.2,23.6,6.9,38.9
2022-11-22,2022,11,22,3.6,3.6,3.6,3.6,29.3,33.2,25.0,6.4,29.8
2022-11-23,2022,11,23,1.4,0.8,1.0,1.4,27.2,30.3,23.8,5.5,35.2
2022-11-24,2022,11,24,16.4,12.6,16.4,16.4,28.6,33.2,23.3,4.8,29.8
2022-11-25,2022,11,25,7.2,5.0,17.2,20.6,27.7,31.6,23.2,4.5,20.6
2022-11-26,2022,11,26,0.0,0.0,0.0,0.0,28.1,31.5,26.1,4.2,17.6
2022-11-27,2022,11,27,7.0,6.4,6.4,6.4,26.2,29.4,22.7,3.4,33.5
2022-11-28,2022,11,28,14.0,12.2,12.4,13.6,26.5,33.4,23.7,3.9,27.8
2022-11-29,2022,11,29,18.2,11.0,12.8,16.8,26.3,32.0,23.2,3.4,23.0
2022-11-30,2022,11,30,17.0,8.2,9.0,11.2,26.4,33.5,23.6,4.0,27.4
2022-12-01,2022,12,1,2.0,1.2,1.4,1.6,26.0,32.8,23.8,3.9,23.0
2022-12-02,2022,12,2,1.0,0.4,0.6,1.0,26.2,29.2,24.7,4.3,24.8
2022-12-03,2022,12,3,7.0,5.8,6.6,7.0,27.1,30.9,22.5,4.8,29.8
2022-12-04,2022,12,4,8.0,4.4,5.2,6.2,27.0,31.1,23.7,4.2,21.7
2022-12-05,2022,12,5,11.2,6.2,7.0,9.2,26.0,30.8,24.1,3.1,23.3
2022-12-06,2022,12,6,1.6,1.6,1.6,1.6,26.6,33.1,24.2,2.6,18.0
2022-12-07,2022,12,7,10.2,10.2,10.2,10.2,26.8,32.7,23.0,3.8,26.3
2022-12-08,2022,12,8,25.8,22.0,24.0,25.2,26.2,30.2,23.0,4.5,29.1
2022-12-09,2022,12,9,1.0,0.4,0.4,0.8,25.8,28.4,23.9,4.8,18.0
2022-12-10,2022,12,10,0.2,0.2,0.2,0.2,26.5,30.3,24.1,3.5,13.3
2022-12-11,2022,12,11,68.6,26.8,42.2,54.8,24.8,26.9,22.8,3.3,21.3
2022-12-12,2022,12,12,0.2,0.2,0.2,0.2,26.3,29.7,23.9,2.4,11.5
2022-12-13,2022,12,13,5.0,2.0,2.2,2.4,25.7,31.0,24.1,5.4,22.0
2022-12-14,2022,12,14,0.6,0.6,0.6,0.6,25.2,27.0,24.3,5.1,23.0
2022-12-15,2022,12,15,3.8,0.6,1.0,1.6,25.4,28.5,24.0,4.1,23.3
2022-12-16,2022,12,16,8.2,4.8,7.2,8.2,26.7,34.0,23.8,3.5,20.9
2022-12-17,2022,12,17,4.4,3.4,3.6,3.6,26.4,31.1,24.3,4.2,20.6
2022-12-18,2022,12,18,23.4,18.8,20.0,20.8,25.7,30.3,23.4,4.3,25.9
2022-12-19,2022,12,19,0.0,0.0,0.0,0.0,25.7,27.6,24.6,4.7,22.6
2022-12-20,2022,12,20,3.2,2.0,2.8,3.2,26.3,32.6,23.3,4.0,21.7
2022-12-21,2022,12,21,21.8,21.0,21.6,21.8,26.8,32.7,23.8,3.6,20.2
2022-12-22,2022,12,22,0.0,0.0,0.0,0.0,26.0,29.0,24.5,6.0,25.2
2022-12-23,2022,12,23,9.0,5.6,5.6,5.6,25.4,29.9,23.0,5.9,32.0
2022-12-24,2022,12,24,0.0,0.0,0.0,0.0,26.6,30.3,24.4,7.3,37.4
2022-12-25,2022,12,25,7.2,6.4,7.0,7.0,26.6,31.4,24.0,6.4,32.8
2022-12-26,2022,12,26,0.0,0.0,0.0,0.0,26.8,30.4,24.8,7.6,32.4
2022-12-27,2022,12,27,2.8,2.6,2.8,2.8,26.4,30.7,24.5,7.0,26.3
2022-12-28,2022,12,28,0.4,0.4,0.4,0.4,26.4,30.0,24.5,5.7,26.3
2022-12-29,2022,12,29,3.6,2.0,2.0,2.2,26.4,31.2,24.9,5.2,23.0
2022-12-30,2022,12,30,0.0,0.0,0.0,0.0,27.1,31.8,24.5,6.3,27.4
2022-12-31,2022,12,31,1.0,1.0,1.0,1.0,27.2,31.6,23.6,6.9,40.0
2023-01-01,2023,1,1,0.0,0.0,0.0,0.0,26.9,30.4,24.7,5.2,21.7
2023-01-02,2023,1,2,0.0,0.0,0.0,0.0,27.5,32.8,24.7,5.9,29.8
2023-01-03,2023,1,3,3.4,2.8,3.2,3.4,26.9,33.1,25.1,5.0,28.2
2023-01-04,2023,1,4,0.2,0.2,0.2,0.2,26.6,29.8,24.7,6.3,28.9
2023-01-05,2023,1,5,12.2,4.8,7.4,12.2,26.7,33.0,23.7,4.6,23.3
2023-01-06,2023,1,6,0.2,0.2,0.2,0.2,28.4,33.0,25.4,5.5,21.7
2023-01-07,2023,1,7,0.0,0.0,0.0,0.0,27.7,31.9,25.3,5.7,31.3
2023-01-08,2023,1,8,0.0,0.0,0.0,0.0,28.3,33.1,25.2,5.3,24.4
2023-01-09,2023,1,9,0.0,0.0,0.0,0.0,27.9,33.0,25.3,4.4,23.7
2023-01-10,2023,1,10,0.0,0.0,0.0,0.0,27.5,30.8,25.5,4.7,21.7
2023-01-11,2023,1,11,0.6,0.4,0.6,0.6,26.3,30.1,24.4,4.2,42.8
2023-01-12,2023,1,12,0.0,0.0,0.0,0.0,27.6,32.6,24.0,3.9,19.1
2023-01-13,2023,1,13,29.4,13.4,14.8,14.8,26.4,31.8,23.4,3.4,19.4
2023-01-14,2023,1,14,3.6,3.6,3.6,3.6,27.0,31.9,24.5,3.7,18.7
2023-01-15,2023,1,15,0.0,0.0,0.0,0.0,27.6,32.8,24.7,4.0,24.4
2023-01-16,2023,1,16,0.2,0.2,0.2,0.2,27.3,31.9,25.1,5.3,39.3
2023-01-17,2023,1,17,0.0,0.0,0.0,0.0,27.8,32.7,25.1,7.1,33.2
2023-01-18,2023,1,18,0.0,0.0,0.0,0.0,27.3,31.3,25.0,7.5,37.4
2023-01-19,2023,1,19,8.2,4.0,4.0,6.6,26.0,29.5,24.4,5.8,38.9
2023-01-20,2023,1,20,8.8,2.8,2.8,3.2,25.5,28.8,24.1,5.1,25.2
2023-01-21,2023,1,21,0.2,0.2,0.2,1.8,27.2,33.3,24.4,4.9,24.4
2023-01-22,2023,1,22,104.2,26.4,42.0,69.4,25.4,29.5,23.7,4.0,26.3
2023-01-23,2023,1,23,5.2,1.2,2.0,3.0,24.9,27.5,24.1,3.1,14.4
2023-01-24,2023,1,24,23.4,1.8,3.4,6.2,23.5,24.5,22.6,5.1,24.1
2023-01-25,2023,1,25,18.4,4.6,7.0,8.6,23.4,24.7,22.7,4.8,25.6
2023-01-26,2023,1,26,5.8,3.0,3.8,4.2,24.5,27.7,22.4,4.6,23.7
2023-01-27,2023,1,27,0.0,0.0,0.0,0.0,26.9,31.2,23.7,6.6,26.7
2023-01-28,2023,1,28,7.4,2.6,3.6,5.0,24.1,25.5,23.1,8.3,32.0
2023-01-29,2023,1,29,5.6,1.6,2.6,3.8,23.9,25.4,22.7,8.9,42.4
2023-01-30,2023,1,30,3.2,1.4,1.8,2.0,25.2,27.9,23.5,7.1,42.0
2023-01-31,2023,1,31,2.0,0.6,1.0,1.4,24.7,26.6,24.0,5.9,31.7
2023-02-01,2023,2,1,0.0,0.0,0.0,0.0,26.3,30.7,23.5,5.5,29.4
2023-02-02,2023,2,2,18.8,9.2,14.2,18.8,26.3,33.0,22.9,4.9,27.0
2023-02-03,2023,2,3,5.6,5.2,5.4,5.4,26.2,32.6,23.9,4.2,24.8
2023-02-04,2023,2,4,6.2,1.0,1.8,3.4,24.6,27.4,23.4,4.8,30.6
2023-02-05,2023,2,5,25.8,17.2,20.2,23.8,25.7,31.7,23.7,4.0,26.3
2023-02-06,2023,2,6,0.0,0.0,0.0,0.0,26.2,30.4,24.0,5.7,23.0
2023-02-07,2023,2,7,0.0,0.0,0.0,0.0,26.9,33.0,23.8,4.6,23.3
2023-02-08,2023,2,8,35.6,25.8,32.8,35.4,26.3,31.6,24.1,5.4,29.4
2023-02-09,2023,2,9,2.4,2.2,2.2,2.2,26.9,31.6,24.9,4.9,25.2
2023-02-10,2023,2,10,3.8,2.6,2.6,2.6,27.0,33.8,23.8,5.0,28.9
2023-02-11,2023,2,11,0.4,0.2,0.2,0.2,27.1,31.8,24.9,5.6,24.4
2023-02-12,2023,2,12,73.4,43.2,53.6,55.8,25.1,31.8,21.9,4.4,38.9
2023-02-13,2023,2,13,0.0,0.0,0.0,0.0,26.9,33.0,23.9,4.0,17.2
2023-02-14,2023,2,14,10.6,10.6,10.6,10.6,26.7,33.1,23.4,4.9,25.9
2023-02-15,2023,2,15,22.4,10.8,17.6,22.0,25.4,29.2,21.9,6.1,35.0
2023-02-16,2023,2,16,0.0,0.0,0.0,0.0,26.8,31.0,23.6,6.1,31.3
2023-02-17,2023,2,17,3.2,2.6,2.8,2.8,26.5,30.8,24.0,6.1,31.3
2023-02-18,2023,2,18,0.6,0.6,0.6,0.6,27.2,32.3,24.6,7.2,32.4
2023-02-19,2023,2,19,7.6,6.0,6.8,7.4,27.2,33.0,24.9,6.7,28.2
2023-02-20,2023,2,20,0.4,0.4,0.4,0.4,26.2,30.4,24.8,6.3,32.8
2023-02-21,2023,2,21,0.0,0.0,0.0,0.0,26.9,31.1,24.1,7.9,34.3
2023-02-22,2023,2,22,2.0,2.0,2.0,2.0,26.8,30.4,25.1,7.4,35.9
2023-02-23,2023,2,23,0.0,0.0,0.0,0.0,27.3,31.6,25.0,6.8,32.0
2023-02-24,2023,2,24,0.0,0.0,0.0,0.0,27.4,31.8,25.1,7.7,34.6
2023-02-25,2023,2,25,0.0,0.0,0.0,0.0,27.0,31.1,24.5,6.5,33.5
2023-02-26,2023,2,26,0.4,0.2,0.2,0.2,26.9,31.2,24.2,10.3,45.4
2023-02-27,2023,2,27,0.6,0.2,0.2,0.2,26.7,30.1,24.1,8.4,44.6
2023-02-28,2023,2,28,167.8,30.8,40.8,71.4,24.4,27.3,21.9,5.9,43.5
2023-03-01,2023,3,1,60.4,14.6,22.6,33.8,23.2,26.3,21.3,5.2,25.6
2023-03-02,2023,3,2,30.6,13.6,19.2,23.8,24.3,31.1,22.2,4.0,38.9
2023-03-03,2023,3,3,43.6,9.4,12.0,13.6,23.9,24.8,23.0,4.2,26.7
2023-03-04,2023,3,4,22.4,5.4,9.2,14.8,23.7,24.8,21.9,7.8,38.2
2023-03-05,2023,3,5,12.0,5.0,6.4,7.8,25.0,29.1,23.3,4.8,31.7
2023-03-06,2023,3,6,2.2,2.2,2.2,2.2,25.5,30.3,23.2,6.1,26.7
2023-03-07,2023,3,7,0.0,0.0,0.0,0.0,25.9,29.8,23.5,8.0,34.6
2023-03-08,2023,3,8,0.0,0.0,0.0,0.0,26.4,30.6,24.3,7.7,35.2
2023-03-09,2023,3,9,0.0,0.0,0.0,0.0,27.0,31.7,24.4,8.4,37.0
2023-03-10,2023,3,10,0.0,0.0,0.0,0.0,27.1,30.7,25.0,8.6,30.9
2023-03-11,2023,3,11,0.0,0.0,0.0,0.0,27.2,31.3,25.0,7.6,28.2
2023-03-12,2023,3,12,4.0,2.4,3.0,3.2,26.8,33.0,24.5,6.3,25.2
2023-03-13,2023,3,13,0.0,0.0,0.0,0.0,26.8,31.1,24.7,9.3,40.0
2023-03-14,2023,3,14,0.4,0.2,0.2,0.2,26.3,29.8,24.1,7.6,33.2
2023-03-15,2023,3,15,0.0,0.0,0.0,0.0,26.5,30.0,23.8,7.7,32.8
2023-03-16,2023,3,16,0.0,0.0,0.0,0.0,27.3,32.1,24.3,8.8,32.8
2023-03-17,2023,3,17,0.0,0.0,0.0,0.0,27.5,31.9,24.9,8.4,29.4
2023-03-18,2023,3,18,0.0,0.0,0.0,0.0,27.4,31.4,24.9,8.4,33.9
2023-03-19,2023,3,19,35.0,30.0,30.2,34.4,26.9,32.0,23.6,6.0,31.3
2023-03-20,2023,3,20,13.6,7.6,13.2,13.4,26.7,31.7,23.7,5.0,24.4
2023-03-21,2023,3,21,8.4,5.6,8.0,8.2,26.9,32.0,22.9,4.2,28.2
2023-03-22,2023,3,22,3.0,2.8,3.0,3.0,27.4,33.1,25.1,4.5,20.9
2023-03-23,2023,3,23,0.0,0.0,0.0,0.0,28.1,34.8,25.2,4.5,22.0
2023-03-24,2023,3,24,1.2,0.8,1.0,1.2,27.4,31.9,25.5,3.8,19.4
2023-03-25,2023,3,25,8.0,4.2,5.2,6.8,26.1,31.0,24.3,3.9,22.0
2023-03-26,2023,3,26,0.2,0.2,0.2,0.2,27.0,32.8,24.3,3.9,26.3
2023-03-27,2023,3,27,4.2,2.0,2.4,2.6,25.6,26.8,24.0,3.5,32.4
2023-03-28,2023,3,28,0.0,0.0,0.0,0.0,28.6,33.6,24.9,4.3,27.0
2023-03-29,2023,3,29,24.0,15.6,22.8,23.8,27.2,34.3,24.4,5.3,32.4
2023-03-30,2023,3,30,43.2,19.4,32.8,41.2,26.4,33.3,22.1,4.9,23.0
2023-03-31,2023,3,31,26.8,14.6,19.0,20.2,26.6,33.7,24.2,3.1,25.2
2023-04-01,2023,4,1,19.4,12.8,17.2,19.4,26.7,32.9,24.1,3.8,25.2
2023-04-02,2023,4,2,0.0,0.0,0.0,0.0,27.8,32.2,25.4,3.3,19.4
2023-04-03,2023,4,3,35.4,18.4,27.8,31.6,25.8,28.9,22.9,3.7,18.3
2023-04-04,2023,4,4,0.0,0.0,0.0,0.0,28.9,34.1,24.8,4.0,22.4
2023-04-05,2023,4,5,8.2,5.4,8.0,8.0,27.3,29.5,23.5,3.2,31.7
2023-04-06,2023,4,6,0.0,0.0,0.0,0.0,28.3,31.4,25.6,4.2,18.7
2023-04-07,2023,4,7,0.0,0.0,0.0,0.0,27.4,29.6,26.0,3.3,18.7
2023-04-08,2023,4,8,39.0,27.4,36.8,39.0,27.3,33.8,23.8,3.3,28.9
2023-04-09,2023,4,9,9.2,6.2,9.0,9.2,27.3,33.0,24.5,4.4,23.3
2023-04-10,2023,4,10,4.2,2.8,4.2,4.2,27.4,34.3,23.6,3.6,42.0
2023-04-11,2023,4,11,0.0,0.0,0.0,0.0,28.6,34.0,25.1,4.4,22.4
2023-04-12,2023,4,12,0.0,0.0,0.0,0.0,29.5,34.5,25.4,3.6,21.3
2023-04-13,2023,4,13,0.0,0.0,0.0,0.0,28.9,32.9,26.0,4.2,44.6
2023-04-14,2023,4,14,0.0,0.0,0.0,0.0,28.9,34.7,26.4,4.1,19.1
2023-04-15,2023,4,15,0.0,0.0,0.0,0.0,29.4,33.4,26.3,4.4,20.9
2023-04-16,2023,4,16,0.0,0.0,0.0,0.0,29.0,33.5,24.7,4.0,24.8
2023-04-17,2023,4,17,18.6,18.0,18.4,18.6,28.3,33.7,24.1,5.2,40.4
2023-04-18,2023,4,18,0.0,0.0,0.0,0.0,29.5,35.2,26.8,4.6,26.3
2023-04-19,2023,4,19,17.2,16.4,17.2,17.2,28.5,31.8,24.7,3.6,20.6
2023-04-20,2023,4,20,11.4,7.6,8.2,8.4,27.2,31.4,23.1,3.7,36.3
2023-04-21,2023,4,21,14.6,8.2,12.8,13.2,28.0,32.3,24.1,4.6,24.8
2023-04-22,2023,4,22,0.0,0.0,0.0,0.0,29.3,33.8,26.8,3.8,33.9
2023-04-23,2023,4,23,0.4,0.4,0.4,0.4,29.4,33.2,27.3,4.3,38.9
2023-04-24,2023,4,24,1.8,1.8,1.8,1.8,28.7,33.4,26.8,3.9,30.2
2023-04-25,2023,4,25,3.8,3.8,3.8,3.8,28.5,34.6,26.2,2.9,23.7
2023-04-26,2023,4,26,0.8,0.6,0.6,0.8,29.0,35.0,25.9,3.6,22.6
2023-04-27,2023,4,27,0.0,0.0,0.0,0.0,28.6,34.1,26.3,3.6,24.4
2023-04-28,2023,4,28,2.2,2.0,2.0,2.0,27.5,32.5,24.6,3.1,31.7
2023-04-29,2023,4,29,41.6,34.0,40.4,40.8,27.8,34.9,23.4,3.5,42.4
2023-04-30,2023,4,30,2.2,1.8,2.0,2.2,27.7,32.6,25.6,2.8,23.0
2023-05-01,2023,5,1,0.8,0.6,0.6,0.6,29.0,34.6,25.6,3.9,26.3
2023-05-02,2023,5,2,2.8,2.4,2.8,2.8,29.3,33.7,26.8,3.7,22.4
2023-05-03,2023,5,3,2.2,1.4,2.2,2.2,28.2,33.7,26.0,3.5,20.9
2023-05-04,2023,5,4,29.2,24.0,28.6,29.0,28.0,34.3,24.4,3.1,26.7
2023-05-05,2023,5,5,1.2,1.0,1.0,1.0,28.7,32.3,26.2,3.0,17.6
2023-05-06,2023,5,6,4.6,3.0,3.4,3.4,28.9,33.1,24.8,4.8,24.4
2023-05-07,2023,5,7,22.4,7.4,11.8,20.4,28.1,31.4,24.4,7.0,34.3
2023-05-08,2023,5,8,1.8,1.0,1.0,1.0,29.5,33.4,26.4,7.2,44.6
2023-05-09,2023,5,9,0.2,0.2,0.2,0.2,29.6,33.6,26.8,6.4,22.4
2023-05-10,2023,5,10,0.0,0.0,0.0,0.0,30.5,33.9,28.2,6.1,27.0
2023-05-11,2023,5,11,0.0,0.0,0.0,0.0,30.4,35.0,28.4,4.8,28.9
2023-05-12,2023,5,12,0.0,0.0,0.0,0.0,30.4,35.0,27.6,4.3,20.9
2023-05-13,2023,5,13,0.0,0.0,0.0,0.0,30.5,35.6,27.3,4.5,20.9
2023-05-14,2023,5,14,0.0,0.0,0.0,0.0,29.5,34.2,27.6,3.9,22.0
2023-05-15,2023,5,15,0.0,0.0,0.0,0.0,28.9,34.1,27.2,3.6,28.5
2023-05-16,2023,5,16,12.0,11.4,11.8,11.8,27.1,29.6,22.8,4.0,40.7
2023-05-17,2023,5,17,0.0,0.0,0.0,0.0,28.2,33.1,26.7,2.8,22.6
2023-05-18,2023,5,18,0.0,0.0,0.0,0.0,29.5,33.9,26.0,4.3,20.2
2023-05-19,2023,5,19,9.0,7.4,8.8,8.8,28.8,32.8,24.5,4.3,29.4
2023-05-20,2023,5,20,0.0,0.0,0.0,0.0,29.4,32.0,27.6,5.7,28.9
2023-05-21,2023,5,21,25.8,20.2,21.6,23.2,26.6,29.0,22.5,4.1,29.4
2023-05-22,2023,5,22,0.0,0.0,0.0,0.0,29.2,33.2,26.0,5.3,20.9
2023-05-23,2023,5,23,7.0,5.8,5.8,5.8,28.6,33.5,23.8,5.2,27.0
2023-05-24,2023,5,24,0.0,0.0,0.0,0.0,29.8,33.0,27.8,6.0,21.3
2023-05-25,2023,5,25,0.0,0.0,0.0,0.0,29.8,32.6,28.5,7.7,32.4
2023-05-26,2023,5,26,9.4,6.2,6.2,6.4,28.1,30.7,24.1,4.8,38.9
2023-05-27,2023,5,27,0.0,0.0,0.0,0.0,28.9,32.8,26.7,4.2,22.4
2023-05-28,2023,5,28,1.2,1.2,1.2,1.2,29.4,33.0,25.3,5.0,25.6
2023-05-29,2023,5,29,11.8,11.2,11.2,11.2,29.7,33.3,24.6,5.9,30.2
2023-05-30,2023,5,30,0.0,0.0,0.0,0.0,29.7,33.2,26.6,6.1,27.0
2023-05-31,2023,5,31,0.0,0.0,0.0,0.0,30.1,33.8,28.2,7.4,22.0
2023-06-01,2023,6,1,15.8,7.0,8.0,12.6,27.0,29.4,23.9,4.8,26.7
2023-06-02,2023,6,2,0.0,0.0,0.0,0.0,28.9,33.2,25.4,5.7,26.3
2023-06-03,2023,6,3,1.0,1.0,1.0,1.0,28.9,32.3,25.8,4.7,35.6
2023-06-04,2023,6,4,46.4,31.6,42.0,45.0,27.0,31.0,23.6,3.0,26.3
2023-06-05,2023,6,5,0.0,0.0,0.0,0.0,28.9,32.7,25.3,4.4,17.2
2023-06-06,2023,6,6,11.0,9.8,10.8,10.8,28.0,31.0,23.8,4.6,23.3
2023-06-07,2023,6,7,2.4,2.2,2.4,2.4,28.3,30.5,26.2,6.3,27.8
2023-06-08,2023,6,8,0.0,0.0,0.0,0.0,29.1,31.7,26.7,6.8,29.1
2023-06-09,2023,6,9,0.0,0.0,0.0,0.0,29.5,32.3,27.5,6.8,27.8
2023-06-10,2023,6,10,0.0,0.0,0.0,0.0,29.4,32.5,27.6,8.0,33.2
2023-06-11,2023,6,11,1.2,1.2,1.2,1.2,29.5,32.5,27.8,6.4,24.8
2023-06-12,2023,6,12,55.4,26.4,28.6,29.6,27.2,30.0,22.7,4.9,40.7
2023-06-13,2023,6,13,0.0,0.0,0.0,0.0,28.6,32.1,25.8,6.6,25.9
2023-06-14,2023,6,14,3.4,2.2,2.2,2.2,27.8,30.7,24.9,4.6,28.5
2023-06-15,2023,6,15,0.0,0.0,0.0,0.0,29.0,32.4,26.3,4.8,22.6
2023-06-16,2023,6,16,0.2,0.2,0.2,0.2,29.7,32.9,27.3,6.4,23.7
2023-06-17,2023,6,17,0.0,0.0,0.0,0.0,29.7,33.0,27.9,7.0,29.1
2023-06-18,2023,6,18,24.6,9.8,14.8,15.0,28.0,32.4,21.7,3.3,32.8
2023-06-19,2023,6,19,0.0,0.0,0.0,0.0,28.7,34.5,26.1,3.8,22.6
2023-06-20,2023,6,20,0.0,0.0,0.0,0.0,29.3,33.2,27.1,4.4,24.4
2023-06-21,2023,6,21,0.0,0.0,0.0,0.0,29.4,31.7,27.6,7.5,36.3
2023-06-22,2023,6,22,0.0,0.0,0.0,0.0,29.6,33.0,27.6,4.6,29.4
2023-06-23,2023,6,23,0.0,0.0,0.0,0.0,29.3,32.4,27.6,4.3,28.9
2023-06-24,2023,6,24,17.0,9.2,9.4,9.4,27.7,32.0,23.5,3.6,31.7
2023-06-25,2023,6,25,1.2,1.0,1.0,1.0,28.5,32.6,24.7,3.9,25.2
2023-06-26,2023,6,26,6.2,4.0,5.6,6.0,27.9,32.1,23.3,4.4,23.0
2023-06-27,2023,6,27,3.0,1.8,2.0,2.0,27.6,31.1,25.0,3.9,22.0
2023-06-28,2023,6,28,63.8,29.8,43.2,48.0,27.4,30.7,23.7,4.9,26.7
2023-06-29,2023,6,29,13.8,9.6,11.2,11.2,28.6,31.9,25.1,6.6,29.4
2023-06-30,2023,6,30,12.6,7.8,8.4,9.0,27.8,30.2,23.9,5.3,30.9
2023-07-01,2023,7,1,1.8,1.0,1.6,1.8,27.5,31.0,24.3,7.4,32.4
2023-07-02,2023,7,2,0.0,0.0,0.0,0.0,29.0,31.5,27.3,5.7,22.4
2023-07-03,2023,7,3,17.6,14.8,17.2,17.4,28.1,32.8,23.1,3.4,25.2
2023-07-04,2023,7,4,0.0,0.0,0.0,0.0,29.4,33.9,26.7,4.0,23.3
2023-07-05,2023,7,5,47.8,37.6,43.6,47.8,28.0,35.4,23.3,3.5,25.2
2023-07-06,2023,7,6,0.2,0.2,0.2,0.2,27.1,29.9,25.7,3.2,15.7
2023-07-07,2023,7,7,0.2,0.2,0.2,0.2,27.6,31.8,25.2,4.6,25.2
2023-07-08,2023,7,8,0.0,0.0,0.0,0.0,28.3,31.5,25.6,6.4,27.8
2023-07-09,2023,7,9,6.8,4.0,4.6,4.6,27.6,31.9,25.4,3.7,23.0
2023-07-10,2023,7,10,1.0,0.6,0.8,0.8,27.2,30.4,25.6,4.1,21.7
2023-07-11,2023,7,11,45.6,15.6,24.4,25.6,25.1,27.7,23.9,4.4,30.9
2023-07-12,2023,7,12,0.0,0.0,0.0,0.0,28.1,31.0,24.8,5.2,24.4
2023-07-13,2023,7,13,0.0,0.0,0.0,0.0,29.4,33.4,26.5,5.0,20.2
2023-07-14,2023,7,14,59.8,20.0,24.0,28.6,25.8,28.6,22.9,3.8,30.9
2023-07-15,2023,7,15,0.2,0.2,0.2,0.2,27.9,31.2,24.9,3.9,19.8
2023-07-16,2023,7,16,0.0,0.0,0.0,0.0,29.4,32.2,26.9,5.5,22.6
2023-07-17,2023,7,17,0.4,0.4,0.4,0.4,28.3,30.7,26.7,6.6,38.5
2023-07-18,2023,7,18,60.4,47.8,56.8,57.2,26.9,29.7,22.3,4.4,48.2
2023-07-19,2023,7,19,44.4,20.2,27.0,27.4,26.7,28.6,23.8,3.9,31.3
2023-07-20,2023,7,20,79.8,44.2,50.6,55.2,26.0,28.1,22.1,4.8,28.9
2023-07-21,2023,7,21,0.2,0.2,0.2,0.2,28.3,32.0,26.7,7.4,24.8
2023-07-22,2023,7,22,0.0,0.0,0.0,0.0,28.8,31.5,27.1,7.9,35.2
2023-07-23,2023,7,23,0.8,0.8,0.8,0.8,28.3,30.5,26.8,5.1,24.4
2023-07-24,2023,7,24,0.0,0.0,0.0,0.0,28.8,33.1,25.7,6.8,22.4
2023-07-25,2023,7,25,0.0,0.0,0.0,0.0,29.5,33.0,27.5,8.0,24.4
2023-07-26,2023,7,26,0.0,0.0,0.0,0.0,29.3,32.0,27.7,7.7,29.8
2023-07-27,2023,7,27,1.4,1.4,1.4,1.4,29.3,31.7,27.9,8.2,30.9
2023-07-28,2023,7,28,0.0,0.0,0.0,0.0,29.3,31.8,27.6,8.7,30.6
2023-07-29,2023,7,29,0.4,0.2,0.4,0.4,29.2,31.7,27.8,10.2,33.5
2023-07-30,2023,7,30,0.0,0.0,0.0,0.0,29.1,31.9,27.7,10.2,37.8
2023-07-31,2023,7,31,0.2,0.2,0.2,0.2,28.6,31.6,27.1,10.1,32.0
2023-08-01,2023,8,1,0.0,0.0,0.0,0.0,29.0,32.8,27.4,8.3,28.9
2023-08-02,2023,8,2,0.0,0.0,0.0,0.0,29.4,32.0,28.1,8.7,28.2
2023-08-03,2023,8,3,8.8,5.4,5.6,6.0,26.1,28.6,22.1,4.0,28.5
2023-08-04,2023,8,4,0.0,0.0,0.0,0.0,28.3,32.3,25.4,5.9,32.8
2023-08-05,2023,8,5,0.4,0.4,0.4,0.4,29.1,32.1,27.2,7.7,35.2
2023-08-06,2023,8,6,0.0,0.0,0.0,0.0,29.2,32.4,26.9,7.5,28.2
2023-08-07,2023,8,7,0.0,0.0,0.0,0.0,29.3,32.3,27.2,6.9,28.5
2023-08-08,2023,8,8,0.0,0.0,0.0,0.0,28.7,31.5,27.4,7.9,29.4
2023-08-09,2023,8,9,0.0,0.0,0.0,0.0,29.0,32.4,26.8,6.6,32.0
2023-08-10,2023,8,10,0.0,0.0,0.0,0.0,29.1,32.3,27.6,7.3,26.3
2023-08-11,2023,8,11,9.4,7.2,9.0,9.4,28.6,32.1,23.0,6.6,29.8
2023-08-12,2023,8,12,0.0,0.0,0.0,0.0,29.0,31.5,27.3,7.8,28.2
2023-08-13,2023,8,13,0.2,0.2,0.2,0.2,28.8,31.0,27.3,6.0,24.8
2023-08-14,2023,8,14,46.4,21.4,23.4,44.0,27.0,31.2,23.4,6.4,39.3
2023-08-15,2023,8,15,0.0,0.0,0.0,0.0,28.0,32.5,25.0,3.8,23.0
2023-08-16,2023,8,16,6.0,4.8,5.0,5.2,27.9,31.8,25.6,4.4,30.9
2023-08-17,2023,8,17,13.8,9.8,9.8,9.8,27.3,32.2,24.9,3.1,19.1
2023-08-18,2023,8,18,13.0,9.2,9.8,11.8,26.3,27.8,23.6,3.0,24.4
2023-08-19,2023,8,19,1.2,0.8,0.8,1.2,26.9,29.9,25.4,3.6,23.0
2023-08-20,2023,8,20,0.0,0.0,0.0,0.0,28.3,30.7,26.5,8.3,35.2
2023-08-21,2023,8,21,11.6,3.4,5.8,9.4,26.6,29.2,23.6,4.4,22.4
2023-08-22,2023,8,22,0.0,0.0,0.0,0.0,28.4,31.8,25.3,7.9,33.9
2023-08-23,2023,8,23,0.0,0.0,0.0,0.0,29.0,32.2,26.9,8.0,33.5
2023-08-24,2023,8,24,0.0,0.0,0.0,0.0,28.9,32.4,27.0,7.3,34.6
2023-08-25,2023,8,25,3.4,3.2,3.4,3.4,28.2,31.2,26.5,5.3,30.2
2023-08-26,2023,8,26,0.6,0.4,0.4,0.4,28.0,31.7,26.7,5.0,30.9
2023-08-27,2023,8,27,0.0,0.0,0.0,0.0,28.4,32.2,25.3,6.0,27.8
2023-08-28,2023,8,28,0.0,0.0,0.0,0.0,28.5,32.0,27.0,6.4,31.3
2023-08-29,2023,8,29,3.2,3.2,3.2,3.2,27.609428571428573,31.74028571428572,24.87457142857143,6.1,27.406767676767675
2023-08-30,2023,8,30,0.0,0.0,0.0,0.0,27.609428571428573,31.74028571428572,24.87457142857143,5.4,27.406767676767675
2023-08-31,2023,8,31,1.4,1.4,1.4,1.4,27.609428571428573,31.74028571428572,24.87457142857143,9.9,27.406767676767675
2023-09-01,2023,9,1,0.0,0.0,0.0,0.0,28.8,31.8,27.1,8.3,30.9
2023-09-02,2023,9,2,0.0,0.0,0.0,0.0,29.0,33.0,26.4,6.6,27.4
2023-09-03,2023,9,3,0.0,0.0,0.0,0.0,29.0,31.7,27.2,9.4,30.2
2023-09-04,2023,9,4,0.0,0.0,0.0,0.0,28.8,31.2,27.4,9.2,32.4
2023-09-05,2023,9,5,0.0,0.0,0.0,0.0,28.7,31.4,27.2,7.5,28.9
2023-09-06,2023,9,6,32.6,6.8,12.4,18.2,26.6,31.0,23.9,4.2,23.0
2023-09-07,2023,9,7,0.2,0.2,0.2,0.6,27.9,33.1,24.5,4.1,17.6
2023-09-08,2023,9,8,6.6,6.0,6.4,6.4,28.9,32.2,24.5,5.4,25.9
2023-09-09,2023,9,9,12.2,7.4,8.8,8.8,27.5,30.3,23.9,3.7,26.3
2023-09-10,2023,9,10,1.2,1.0,1.0,1.0,27.3,31.7,25.9,4.9,32.0
2023-09-11,2023,9,11,0.0,0.0,0.0,0.0,28.2,30.9,26.0,5.4,32.0
2023-09-12,2023,9,12,0.0,0.0,0.0,0.0,28.7,32.2,27.1,5.9,34.6
2023-09-13,2023,9,13,0.0,0.0,0.0,0.0,29.2,32.5,27.3,8.1,28.5
2023-09-14,2023,9,14,0.0,0.0,0.0,0.0,29.3,32.5,27.3,7.5,32.4
2023-09-15,2023,9,15,0.0,0.0,0.0,0.0,29.3,32.4,27.2,8.8,39.6
2023-09-16,2023,9,16,0.0,0.0,0.0,0.0,29.2,32.9,27.4,8.2,35.0
2023-09-17,2023,9,17,0.0,0.0,0.0,0.0,28.8,32.4,27.5,6.8,33.9
2023-09-18,2023,9,18,0.2,0.2,0.2,0.2,28.9,31.8,26.6,5.6,29.8
2023-09-19,2023,9,19,33.2,21.4,30.0,33.2,28.3,33.4,24.1,3.9,26.7
2023-09-20,2023,9,20,18.8,11.8,18.0,18.6,27.2,32.6,24.1,3.1,23.3
2023-09-21,2023,9,21,17.4,14.4,14.6,14.8,27.2,33.2,23.7,4.6,37.4
2023-09-22,2023,9,22,1.2,1.2,1.2,1.2,27.6,31.5,25.7,4.5,21.7
2023-09-23,2023,9,23,0.0,0.0,0.0,0.0,28.3,31.5,25.8,3.7,19.4
2023-09-24,2023,9,24,40.8,16.4,21.4,22.2,26.2,28.3,22.8,3.4,28.9
2023-09-25,2023,9,25,0.0,0.0,0.0,0.0,28.0,31.6,25.0,5.3,24.4
2023-09-26,2023,9,26,0.0,0.0,0.0,0.0,28.7,31.4,26.7,8.2,34.3
2023-09-27,2023,9,27,0.0,0.0,0.0,0.0,29.3,32.7,27.2,8.4,36.3
2023-09-28,2023,9,28,0.0,0.0,0.0,0.0,29.3,32.4,27.2,7.4,25.6
2023-09-29,2023,9,29,0.0,0.0,0.0,0.0,29.2,32.4,27.1,6.2,27.4
2023-09-30,2023,9,30,21.8,15.2,20.8,21.8,27.7,30.7,23.9,3.4,21.7
2023-10-01,2023,10,1,0.0,0.0,0.0,0.0,27.609428571428573,31.74028571428572,24.87457142857143,5.047734138972809,27.406767676767675
2023-10-02,2023,10,2,0.0,0.0,0.0,0.0,29.1,32.6,26.8,6.3,25.6
2023-10-03,2023,10,3,3.0,3.0,3.0,3.0,27.6,30.4,24.5,4.9,32.8
2023-10-04,2023,10,4,0.0,0.0,0.0,0.0,28.9,33.5,25.9,4.3,25.9
2023-10-05,2023,10,5,0.0,0.0,0.0,0.0,29.5,33.9,27.0,5.0,24.1
2023-10-06,2023,10,6,0.0,0.0,0.0,0.0,29.6,33.1,27.5,6.0,25.6
2023-10-07,2023,10,7,0.0,0.0,0.0,0.0,29.8,33.5,27.6,6.4,28.5
2023-10-08,2023,10,8,0.0,0.0,0.0,0.0,29.7,33.3,26.9,4.9,25.9
2023-10-09,2023,10,9,7.6,4.8,5.4,5.4,28.4,34.7,23.2,4.1,31.7
2023-10-10,2023,10,10,0.0,0.0,0.0,0.0,29.0,33.5,26.5,2.7,20.6
2023-10-11,2023,10,11,4.8,2.6,4.6,4.6,28.6,32.5,26.2,3.2,24.1
2023-10-12,2023,10,12,0.0,0.0,0.0,0.0,29.8,34.7,26.7,4.4,25.2
2023-10-13,2023,10,13,0.0,0.0,0.0,0.0,29.7,34.0,26.8,5.3,23.0
2023-10-14,2023,10,14,0.0,0.0,0.0,0.0,29.8,33.8,27.1,5.3,24.8
2023-10-15,2023,10,15,0.0,0.0,0.0,0.0,29.7,32.9,27.6,6.8,29.4
2023-10-16,2023,10,16,0.2,0.2,0.2,0.2,29.7,33.2,26.9,6.5,29.1
2023-10-17,2023,10,17,0.0,0.0,0.0,0.2,29.8,33.5,27.5,6.8,28.9
2023-10-18,2023,10,18,4.8,2.4,3.0,3.4,27.6,31.9,24.4,3.1,27.4
2023-10-19,2023,10,19,2.2,1.4,1.4,1.4,28.1,33.0,25.7,3.8,27.8
2023-10-20,2023,10,20,43.8,33.6,42.0,42.8,27.6,32.3,23.5,3.5,39.3
2023-10-21,2023,10,21,6.0,6.0,6.0,6.0,27.6,33.3,25.0,3.3,16.9
2023-10-22,2023,10,22,39.6,22.8,30.2,39.2,27.1,33.3,22.7,3.0,36.3
2023-10-23,2023,10,23,28.0,28.0,28.0,28.0,27.4,33.3,24.1,3.5,35.2
2023-10-24,2023,10,24,10.2,8.4,9.0,9.6,27.5,34.6,24.0,3.9,27.4
2023-10-25,2023,10,25,0.0,0.0,0.0,0.0,27.5,33.0,24.9,3.9,21.3
2023-10-26,2023,10,26,0.0,0.0,0.0,0.0,28.9,33.0,25.2,4.9,23.7
2023-10-27,2023,10,27,0.0,0.0,0.0,0.0,29.8,34.5,26.5,3.8,23.7
2023-10-28,2023,10,28,0.2,0.2,0.2,0.2,27.8,30.4,26.8,3.1,23.3
2023-10-29,2023,10,29,0.0,0.0,0.0,0.0,28.6,33.2,25.5,3.6,23.7
2023-10-30,2023,10,30,3.2,3.2,3.2,3.2,28.4,34.5,24.8,3.7,19.1
2023-10-31,2023,10,31,25.2,11.2,11.2,13.4,27.7,34.5,24.2,3.9,33.2
2023-11-01,2023,11,1,8.8,7.8,8.6,8.8,27.6,33.8,24.6,3.4,28.2
2023-11-02,2023,11,2,0.0,0.0,0.0,0.0,28.7,34.1,25.0,3.0,18.3
2023-11-03,2023,11,3,0.0,0.0,0.0,0.0,29.3,34.3,26.0,4.5,22.0
2023-11-04,2023,11,4,1.8,1.6,1.8,1.8,28.5,32.7,26.3,3.3,32.0
2023-11-05,2023,11,5,4.0,3.8,3.8,3.8,28.3,34.1,25.9,3.0,19.1
2023-11-06,2023,11,6,3.6,3.4,3.6,3.6,28.0,34.6,25.1,3.3,33.9
2023-11-07,2023,11,7,13.0,6.6,10.0,10.0,27.4,34.9,24.6,3.0,22.4
2023-11-08,2023,11,8,0.0,0.0,0.0,0.0,28.0,32.1,25.0,3.9,20.9
2023-11-09,2023,11,9,21.6,17.8,21.6,21.6,27.7,32.8,24.1,3.6,22.4
2023-11-10,2023,11,10,0.0,0.0,0.0,0.0,28.4,32.6,26.6,4.2,19.4
2023-11-11,2023,11,11,0.0,0.0,0.0,0.0,29.3,33.8,25.6,4.1,18.3
2023-11-12,2023,11,12,15.6,10.2,12.8,14.8,28.0,34.1,24.4,3.3,21.3
2023-11-13,2023,11,13,4.2,3.4,4.2,4.2,28.2,32.6,26.0,3.8,22.6
2023-11-14,2023,11,14,1.6,0.8,1.0,1.6,27.1,32.1,25.9,3.7,23.0
2023-11-15,2023,11,15,0.2,0.2,0.2,0.2,28.0,33.6,25.4,4.4,22.0
2023-11-16,2023,11,16,3.2,2.2,2.8,3.0,27.6,34.1,24.8,3.6,28.5
2023-11-17,2023,11,17,24.0,17.0,20.4,23.8,27.2,35.3,23.5,3.2,26.7
2023-11-18,2023,11,18,0.0,0.0,0.0,0.0,28.2,32.5,25.6,4.8,25.2
2023-11-19,2023,11,19,0.0,0.0,0.0,0.0,27.6,29.6,26.0,5.0,28.2
2023-11-20,2023,11,20,2.6,2.4,2.6,2.6,27.8,33.8,25.4,4.2,28.2
2023-11-21,2023,11,21,29.0,17.4,24.2,29.0,26.7,30.2,24.5,4.2,27.8
2023-11-22,2023,11,22,0.6,0.6,0.6,0.6,27.6,31.6,24.9,4.8,23.7
2023-11-23,2023,11,23,6.6,5.6,5.6,5.8,27.5,32.1,24.0,4.8,25.9
2023-11-24,2023,11,24,8.6,3.6,6.8,8.4,27.1,33.1,24.4,4.7,22.0
2023-11-25,2023,11,25,3.4,1.0,1.6,2.4,26.6,31.5,25.5,3.7,30.2
2023-11-26,2023,11,26,20.6,10.2,10.8,10.8,26.3,32.1,23.9,3.4,22.6
2023-11-27,2023,11,27,0.2,0.2,0.2,0.2,27.1,32.0,24.8,3.6,21.3
2023-11-28,2023,11,28,42.8,23.8,40.2,42.4,27.2,32.8,23.9,3.9,32.4
2023-11-29,2023,11,29,16.6,16.6,16.6,16.6,27.0,31.7,24.8,3.5,35.0
2023-11-30,2023,11,30,74.4,24.6,26.6,36.4,26.7,33.2,24.5,4.1,30.9
